"","qID","sID","condition","final_choice","tNo","cID","rating","terminate"
"1",1,1,"no",1,1,2,-3,0
"2",1,1,"no",1,2,5,3,0
"3",1,1,"no",1,3,6,2,0
"4",1,1,"no",1,4,6,3,0
"5",1,1,"no",1,5,6,1,0
"6",1,1,"no",1,6,6,2,1
"7",1,2,"no",1,1,3,-3,0
"8",1,2,"no",1,2,5,2,0
"9",1,2,"no",1,3,6,1,0
"10",1,2,"no",1,4,2,-1,0
"11",1,2,"no",1,5,3,-2,1
"12",1,3,"no",1,1,2,-3,0
"13",1,3,"no",1,2,6,3,0
"14",1,3,"no",1,3,6,3,0
"15",1,3,"no",1,4,6,3,1
"16",1,4,"no",1,1,4,0,0
"17",1,4,"no",1,2,4,0,0
"18",1,4,"no",1,3,4,0,0
"19",1,4,"no",1,4,4,0,0
"20",1,4,"no",1,5,4,0,0
"21",1,4,"no",1,6,4,0,1
"22",1,5,"no",0,1,2,-2,0
"23",1,5,"no",0,2,3,-2,0
"24",1,5,"no",0,3,5,1,0
"25",1,5,"no",0,4,5,1,0
"26",1,5,"no",0,5,3,-3,-1
"27",1,6,"no",0,1,2,-2,0
"28",1,6,"no",0,2,3,-1,0
"29",1,6,"no",0,3,3,-2,0
"30",1,6,"no",0,4,3,-2,0
"31",1,6,"no",0,5,3,-2,0
"32",1,6,"no",0,6,3,-2,-1
"33",1,7,"no",1,1,2,-2,0
"34",1,7,"no",1,2,6,2,0
"35",1,7,"no",1,3,6,3,0
"36",1,7,"no",1,4,6,2,1
"37",1,8,"no",1,1,3,-1,0
"38",1,8,"no",1,2,7,2,0
"39",1,8,"no",1,3,6,3,0
"40",1,8,"no",1,4,5,2,1
"41",1,9,"no",1,1,3,-1,0
"42",1,9,"no",1,2,6,2,0
"43",1,9,"no",1,3,6,1,0
"44",1,9,"no",1,4,6,2,0
"45",1,9,"no",1,5,3,-2,0
"46",1,9,"no",1,6,3,-2,0
"47",1,9,"no",1,7,6,1,0
"48",1,9,"no",1,8,6,1,0
"49",1,9,"no",1,9,6,3,1
"50",1,10,"no",0,1,2,-3,0
"51",1,10,"no",0,2,3,-3,0
"52",1,10,"no",0,3,3,-3,-1
"53",1,11,"no",1,1,2,-1,0
"54",1,11,"no",1,2,6,2,0
"55",1,11,"no",1,3,6,2,1
"56",1,12,"no",1,1,2,-2,0
"57",1,12,"no",1,2,6,3,0
"58",1,12,"no",1,3,6,3,0
"59",1,12,"no",1,4,6,3,0
"60",1,12,"no",1,5,5,3,0
"61",1,12,"no",1,6,5,3,0
"62",1,12,"no",1,7,5,3,0
"63",1,12,"no",1,8,5,3,0
"64",1,12,"no",1,9,5,3,0
"65",1,12,"no",1,10,6,3,0
"66",1,12,"no",1,11,5,3,0
"67",1,12,"no",1,12,5,3,0
"68",1,12,"no",1,13,5,3,0
"69",1,12,"no",1,14,5,3,1
"70",1,13,"no",0,1,2,-3,0
"71",1,13,"no",0,2,6,2,0
"72",1,13,"no",0,3,5,1,0
"73",1,13,"no",0,4,3,-2,0
"74",1,13,"no",0,5,5,1,0
"75",1,13,"no",0,6,3,-3,0
"76",1,13,"no",0,7,3,-3,0
"77",1,13,"no",0,8,3,-3,0
"78",1,13,"no",0,9,6,1,-1
"79",1,14,"no",0,1,2,-3,0
"80",1,14,"no",0,2,2,-2,0
"81",1,14,"no",0,3,2,-1,-1
"82",1,15,"no",0,1,2,-3,0
"83",1,15,"no",0,2,4,0,0
"84",1,15,"no",0,3,4,0,0
"85",1,15,"no",0,4,3,-3,0
"86",1,15,"no",0,5,5,1,0
"87",1,15,"no",0,6,3,-3,0
"88",1,15,"no",0,7,2,-2,0
"89",1,15,"no",0,8,3,-3,0
"90",1,15,"no",0,9,3,-3,0
"91",1,15,"no",0,10,3,-3,0
"92",1,15,"no",0,11,3,-1,0
"93",1,15,"no",0,12,4,0,0
"94",1,15,"no",0,13,3,-1,0
"95",1,15,"no",0,14,2,-3,0
"96",1,15,"no",0,15,2,-3,-1
"97",1,16,"no",0,1,2,-3,0
"98",1,16,"no",0,2,2,-3,0
"99",1,16,"no",0,3,2,-3,0
"100",1,16,"no",0,4,2,-3,-1
"101",1,17,"no",1,1,2,-3,0
"102",1,17,"no",1,2,2,-2,0
"103",1,17,"no",1,3,6,1,0
"104",1,17,"no",1,4,2,-1,0
"105",1,17,"no",1,5,2,-2,0
"106",1,17,"no",1,6,6,3,1
"107",1,18,"no",1,1,2,-2,0
"108",1,18,"no",1,2,3,-2,0
"109",1,18,"no",1,3,4,0,0
"110",1,18,"no",1,4,3,-1,0
"111",1,18,"no",1,5,6,3,0
"112",1,18,"no",1,6,5,3,1
"113",1,19,"no",0,1,3,-3,0
"114",1,19,"no",0,2,5,2,0
"115",1,19,"no",0,3,6,2,0
"116",1,19,"no",0,4,6,2,0
"117",1,19,"no",0,5,3,-2,-1
"118",1,20,"no",0,1,2,-2,0
"119",1,20,"no",0,2,6,2,-1
"120",1,21,"no",1,1,1,-1,0
"121",1,21,"no",1,2,6,3,0
"122",1,21,"no",1,3,6,3,0
"123",1,21,"no",1,4,3,-2,1
"124",1,22,"no",0,1,2,-3,0
"125",1,22,"no",0,2,6,1,0
"126",1,22,"no",0,3,2,-2,-1
"127",1,23,"no",1,1,4,0,0
"128",1,23,"no",1,2,7,2,1
"129",1,24,"no",0,1,2,-3,0
"130",1,24,"no",0,2,6,2,0
"131",1,24,"no",0,3,3,-2,0
"132",1,24,"no",0,4,6,2,0
"133",1,24,"no",0,5,6,2,0
"134",1,24,"no",0,6,6,2,-1
"135",1,25,"no",0,1,2,-3,0
"136",1,25,"no",0,2,6,2,0
"137",1,25,"no",0,3,6,2,0
"138",1,25,"no",0,4,3,-1,0
"139",1,25,"no",0,5,3,-2,0
"140",1,25,"no",0,6,2,-3,0
"141",1,25,"no",0,7,3,-1,-1
"142",1,26,"no",0,1,1,-3,0
"143",1,26,"no",0,2,5,1,0
"144",1,26,"no",0,3,5,1,0
"145",1,26,"no",0,4,3,-3,0
"146",1,26,"no",0,5,3,-3,0
"147",1,26,"no",0,6,3,-3,-1
"148",1,27,"no",0,1,2,-3,0
"149",1,27,"no",0,2,2,-3,0
"150",1,27,"no",0,3,4,0,0
"151",1,27,"no",0,4,3,-2,0
"152",1,27,"no",0,5,2,-1,-1
"153",1,28,"no",1,1,3,-1,0
"154",1,28,"no",1,2,5,1,0
"155",1,28,"no",1,3,4,0,0
"156",1,28,"no",1,4,6,1,0
"157",1,28,"no",1,5,6,1,1
"158",1,29,"no",1,1,2,-3,0
"159",1,29,"no",1,2,6,2,0
"160",1,29,"no",1,3,6,3,0
"161",1,29,"no",1,4,6,3,0
"162",1,29,"no",1,5,6,1,0
"163",1,29,"no",1,6,3,-1,0
"164",1,29,"no",1,7,2,-2,0
"165",1,29,"no",1,8,6,1,1
"166",1,30,"no",0,1,2,-3,0
"167",1,30,"no",0,2,6,3,0
"168",1,30,"no",0,3,3,-3,0
"169",1,30,"no",0,4,6,2,0
"170",1,30,"no",0,5,6,1,0
"171",1,30,"no",0,6,3,-2,-1
"172",1,31,"no",0,1,4,0,0
"173",1,31,"no",0,2,4,0,0
"174",1,31,"no",0,3,4,0,0
"175",1,31,"no",0,4,4,0,0
"176",1,31,"no",0,5,4,0,0
"177",1,31,"no",0,6,4,0,-1
"178",1,32,"no",1,1,2,-3,0
"179",1,32,"no",1,2,6,2,0
"180",1,32,"no",1,3,6,2,0
"181",1,32,"no",1,4,6,3,0
"182",1,32,"no",1,5,5,1,0
"183",1,32,"no",1,6,5,3,0
"184",1,32,"no",1,7,6,1,0
"185",1,32,"no",1,8,5,3,0
"186",1,32,"no",1,9,6,3,0
"187",1,32,"no",1,10,6,3,1
"188",1,33,"no",0,1,2,-3,0
"189",1,33,"no",0,2,6,1,0
"190",1,33,"no",0,3,6,2,0
"191",1,33,"no",0,4,3,-3,0
"192",1,33,"no",0,5,3,-3,0
"193",1,33,"no",0,6,2,-3,0
"194",1,33,"no",0,7,3,-3,0
"195",1,33,"no",0,8,3,-3,0
"196",1,33,"no",0,9,3,-3,0
"197",1,33,"no",0,10,6,2,0
"198",1,33,"no",0,11,6,2,0
"199",1,33,"no",0,12,6,3,0
"200",1,33,"no",0,13,6,2,0
"201",1,33,"no",0,14,6,3,0
"202",1,33,"no",0,15,3,-3,0
"203",1,33,"no",0,16,6,2,0
"204",1,33,"no",0,17,6,2,0
"205",1,33,"no",0,18,6,3,0
"206",1,33,"no",0,19,6,3,0
"207",1,33,"no",0,20,6,3,0
"208",1,33,"no",0,21,2,-3,-1
"209",1,34,"no",0,1,3,-3,0
"210",1,34,"no",0,2,3,-3,0
"211",1,34,"no",0,3,4,0,0
"212",1,34,"no",0,4,4,0,0
"213",1,34,"no",0,5,4,0,0
"214",1,34,"no",0,6,3,-3,0
"215",1,34,"no",0,7,2,-3,0
"216",1,34,"no",0,8,2,-3,-1
"217",1,35,"no",0,1,2,-2,0
"218",1,35,"no",0,2,5,2,0
"219",1,35,"no",0,3,5,2,0
"220",1,35,"no",0,4,6,2,0
"221",1,35,"no",0,5,5,2,0
"222",1,35,"no",0,6,5,2,0
"223",1,35,"no",0,7,5,2,0
"224",1,35,"no",0,8,5,2,-1
"225",1,36,"no",0,1,2,-2,0
"226",1,36,"no",0,2,2,-3,0
"227",1,36,"no",0,3,2,-2,0
"228",1,36,"no",0,4,3,-1,0
"229",1,36,"no",0,5,3,-2,-1
"230",1,37,"no",0,1,3,-3,0
"231",1,37,"no",0,2,3,-3,0
"232",1,37,"no",0,3,6,3,0
"233",1,37,"no",0,4,3,-3,0
"234",1,37,"no",0,5,6,3,-1
"235",1,38,"no",0,1,2,-3,0
"236",1,38,"no",0,2,6,2,0
"237",1,38,"no",0,3,6,2,0
"238",1,38,"no",0,4,6,1,0
"239",1,38,"no",0,5,6,3,0
"240",1,38,"no",0,6,2,-3,0
"241",1,38,"no",0,7,6,2,0
"242",1,38,"no",0,8,2,-3,0
"243",1,38,"no",0,9,2,-3,0
"244",1,38,"no",0,10,2,-3,-1
"245",1,39,"no",0,1,2,-1,0
"246",1,39,"no",0,2,3,-3,0
"247",1,39,"no",0,3,6,3,0
"248",1,39,"no",0,4,5,3,0
"249",1,39,"no",0,5,6,3,0
"250",1,39,"no",0,6,3,-3,-1
"251",1,40,"no",0,1,2,-3,0
"252",1,40,"no",0,2,6,2,0
"253",1,40,"no",0,3,4,0,0
"254",1,40,"no",0,4,3,-2,0
"255",1,40,"no",0,5,2,-2,0
"256",1,40,"no",0,6,2,-3,-1
"257",1,41,"no",1,1,2,-3,0
"258",1,41,"no",1,2,6,1,0
"259",1,41,"no",1,3,5,3,0
"260",1,41,"no",1,4,6,1,0
"261",1,41,"no",1,5,6,2,0
"262",1,41,"no",1,6,2,-1,1
"263",1,42,"no",0,1,2,-3,0
"264",1,42,"no",0,2,6,3,0
"265",1,42,"no",0,3,5,3,0
"266",1,42,"no",0,4,6,3,0
"267",1,42,"no",0,5,6,3,0
"268",1,42,"no",0,6,2,-3,-1
"269",1,43,"no",0,1,2,-3,0
"270",1,43,"no",0,2,6,2,0
"271",1,43,"no",0,3,5,1,0
"272",1,43,"no",0,4,3,-2,0
"273",1,43,"no",0,5,3,-3,0
"274",1,43,"no",0,6,3,-3,0
"275",1,43,"no",0,7,5,1,0
"276",1,43,"no",0,8,2,-2,-1
"277",1,44,"no",1,1,2,-1,0
"278",1,44,"no",1,2,6,1,0
"279",1,44,"no",1,3,6,2,1
"280",1,45,"no",1,1,3,-3,0
"281",1,45,"no",1,2,6,2,0
"282",1,45,"no",1,3,5,3,0
"283",1,45,"no",1,4,6,2,0
"284",1,45,"no",1,5,6,3,0
"285",1,45,"no",1,6,6,3,1
"286",1,46,"no",1,1,2,-3,0
"287",1,46,"no",1,2,3,-3,0
"288",1,46,"no",1,3,2,-2,0
"289",1,46,"no",1,4,6,2,0
"290",1,46,"no",1,5,3,-2,0
"291",1,46,"no",1,6,4,0,0
"292",1,46,"no",1,7,6,1,1
"293",1,47,"no",0,1,2,-3,0
"294",1,47,"no",0,2,2,-2,0
"295",1,47,"no",0,3,2,-2,0
"296",1,47,"no",0,4,6,2,0
"297",1,47,"no",0,5,2,-3,-1
"298",1,48,"no",0,1,2,-3,0
"299",1,48,"no",0,2,2,-3,0
"300",1,48,"no",0,3,3,-1,0
"301",1,48,"no",0,4,6,1,0
"302",1,48,"no",0,5,5,1,0
"303",1,48,"no",0,6,6,1,0
"304",1,48,"no",0,7,6,1,0
"305",1,48,"no",0,8,2,-3,-1
"306",1,49,"no",1,1,1,-3,0
"307",1,49,"no",1,2,1,-3,0
"308",1,49,"no",1,3,1,-3,0
"309",1,49,"no",1,4,1,-3,0
"310",1,49,"no",1,5,1,-3,0
"311",1,49,"no",1,6,2,-2,0
"312",1,49,"no",1,7,5,2,0
"313",1,49,"no",1,8,5,2,0
"314",1,49,"no",1,9,5,2,0
"315",1,49,"no",1,10,5,3,0
"316",1,49,"no",1,11,5,3,0
"317",1,49,"no",1,12,5,3,1
"318",1,50,"no",0,1,2,-3,0
"319",1,50,"no",0,2,1,-2,0
"320",1,50,"no",0,3,4,0,0
"321",1,50,"no",0,4,3,-3,0
"322",1,50,"no",0,5,6,1,0
"323",1,50,"no",0,6,5,1,0
"324",1,50,"no",0,7,5,1,0
"325",1,50,"no",0,8,6,2,0
"326",1,50,"no",0,9,2,-2,-1
"327",1,51,"no",1,1,2,-3,0
"328",1,51,"no",1,2,5,3,0
"329",1,51,"no",1,3,5,3,0
"330",1,51,"no",1,4,2,-3,1
"331",1,52,"no",0,1,3,-2,0
"332",1,52,"no",0,2,5,1,0
"333",1,52,"no",0,3,3,-1,0
"334",1,52,"no",0,4,4,0,0
"335",1,52,"no",0,5,5,1,0
"336",1,52,"no",0,6,5,2,0
"337",1,52,"no",0,7,5,2,0
"338",1,52,"no",0,8,2,-3,0
"339",1,52,"no",0,9,2,-3,0
"340",1,52,"no",0,10,4,0,-1
"341",1,53,"no",0,1,2,-2,0
"342",1,53,"no",0,2,2,-1,0
"343",1,53,"no",0,3,3,-2,0
"344",1,53,"no",0,4,3,-1,0
"345",1,53,"no",0,5,2,-1,-1
"346",1,54,"no",0,1,2,-3,0
"347",1,54,"no",0,2,2,-2,0
"348",1,54,"no",0,3,2,-3,0
"349",1,54,"no",0,4,2,-3,-1
"350",1,55,"no",0,1,3,-3,0
"351",1,55,"no",0,2,5,3,0
"352",1,55,"no",0,3,5,3,0
"353",1,55,"no",0,4,5,3,0
"354",1,55,"no",0,5,5,3,0
"355",1,55,"no",0,6,6,3,0
"356",1,55,"no",0,7,5,3,-1
"357",1,56,"no",1,1,3,-1,0
"358",1,56,"no",1,2,6,3,0
"359",1,56,"no",1,3,6,2,0
"360",1,56,"no",1,4,5,3,0
"361",1,56,"no",1,5,5,3,1
"362",1,57,"no",0,1,3,-1,0
"363",1,57,"no",0,2,4,0,0
"364",1,57,"no",0,3,4,0,0
"365",1,57,"no",0,4,4,0,0
"366",1,57,"no",0,5,4,0,0
"367",1,57,"no",0,6,3,-2,0
"368",1,57,"no",0,7,2,-1,0
"369",1,57,"no",0,8,4,0,0
"370",1,57,"no",0,9,3,-1,0
"371",1,57,"no",0,10,4,0,0
"372",1,57,"no",0,11,4,0,0
"373",1,57,"no",0,12,2,-2,-1
"374",1,58,"no",0,1,2,-3,0
"375",1,58,"no",0,2,6,3,0
"376",1,58,"no",0,3,4,0,-1
"377",1,59,"no",1,1,3,-3,0
"378",1,59,"no",1,2,6,3,0
"379",1,59,"no",1,3,3,-1,0
"380",1,59,"no",1,4,6,3,0
"381",1,59,"no",1,5,6,3,0
"382",1,59,"no",1,6,5,3,0
"383",1,59,"no",1,7,2,-1,1
"384",1,60,"no",0,1,2,-3,0
"385",1,60,"no",0,2,3,-3,-1
"386",1,61,"no",0,1,3,-3,0
"387",1,61,"no",0,2,3,-2,0
"388",1,61,"no",0,3,3,-2,0
"389",1,61,"no",0,4,3,-3,0
"390",1,61,"no",0,5,3,-2,0
"391",1,61,"no",0,6,3,-3,-1
"392",1,62,"no",1,1,3,-1,0
"393",1,62,"no",1,2,6,2,0
"394",1,62,"no",1,3,3,-1,0
"395",1,62,"no",1,4,3,-1,1
"396",1,63,"no",0,1,1,-3,0
"397",1,63,"no",0,2,5,3,0
"398",1,63,"no",0,3,5,3,0
"399",1,63,"no",0,4,5,3,0
"400",1,63,"no",0,5,5,3,0
"401",1,63,"no",0,6,5,3,0
"402",1,63,"no",0,7,5,3,0
"403",1,63,"no",0,8,5,3,0
"404",1,63,"no",0,9,5,3,0
"405",1,63,"no",0,10,1,-3,0
"406",1,63,"no",0,11,1,-3,0
"407",1,63,"no",0,12,1,-3,0
"408",1,63,"no",0,13,1,-3,0
"409",1,63,"no",0,14,1,-3,0
"410",1,63,"no",0,15,1,-3,0
"411",1,63,"no",0,16,6,2,0
"412",1,63,"no",0,17,3,-2,-1
"413",1,64,"no",1,1,3,-2,0
"414",1,64,"no",1,2,6,2,0
"415",1,64,"no",1,3,6,2,1
"416",1,65,"no",0,1,2,-3,0
"417",1,65,"no",0,2,6,2,0
"418",1,65,"no",0,3,2,-2,0
"419",1,65,"no",0,4,5,1,0
"420",1,65,"no",0,5,5,2,0
"421",1,65,"no",0,6,3,-1,0
"422",1,65,"no",0,7,2,-1,0
"423",1,65,"no",0,8,5,1,0
"424",1,65,"no",0,9,6,2,0
"425",1,65,"no",0,10,2,-2,0
"426",1,65,"no",0,11,6,1,0
"427",1,65,"no",0,12,2,-1,0
"428",1,65,"no",0,13,4,0,0
"429",1,65,"no",0,14,2,-2,0
"430",1,65,"no",0,15,2,-2,0
"431",1,65,"no",0,16,2,-3,-1
"432",1,66,"no",1,1,2,-3,0
"433",1,66,"no",1,2,5,3,0
"434",1,66,"no",1,3,5,3,0
"435",1,66,"no",1,4,5,3,0
"436",1,66,"no",1,5,5,3,0
"437",1,66,"no",1,6,5,3,0
"438",1,66,"no",1,7,5,3,0
"439",1,66,"no",1,8,5,3,0
"440",1,66,"no",1,9,5,3,0
"441",1,66,"no",1,10,5,3,0
"442",1,66,"no",1,11,5,3,0
"443",1,66,"no",1,12,5,3,0
"444",1,66,"no",1,13,5,3,0
"445",1,66,"no",1,14,5,3,0
"446",1,66,"no",1,15,2,-3,0
"447",1,66,"no",1,16,1,-3,0
"448",1,66,"no",1,17,1,-3,0
"449",1,66,"no",1,18,1,-3,0
"450",1,66,"no",1,19,1,-3,0
"451",1,66,"no",1,20,1,-3,0
"452",1,66,"no",1,21,1,-3,1
"453",1,67,"no",0,1,2,-3,0
"454",1,67,"no",0,2,6,3,0
"455",1,67,"no",0,3,3,-3,0
"456",1,67,"no",0,4,2,-2,0
"457",1,67,"no",0,5,3,-3,0
"458",1,67,"no",0,6,6,2,-1
"459",1,68,"no",0,1,2,-3,0
"460",1,68,"no",0,2,6,3,0
"461",1,68,"no",0,3,6,2,0
"462",1,68,"no",0,4,2,-3,0
"463",1,68,"no",0,5,2,-3,0
"464",1,68,"no",0,6,3,-3,-1
"465",1,69,"no",1,1,2,-1,0
"466",1,69,"no",1,2,3,-1,0
"467",1,69,"no",1,3,5,1,0
"468",1,69,"no",1,4,5,2,0
"469",1,69,"no",1,5,6,2,0
"470",1,69,"no",1,6,2,-2,0
"471",1,69,"no",1,7,6,1,0
"472",1,69,"no",1,8,6,2,0
"473",1,69,"no",1,9,6,2,0
"474",1,69,"no",1,10,5,1,0
"475",1,69,"no",1,11,6,2,1
"476",1,70,"no",1,1,2,-2,0
"477",1,70,"no",1,2,3,-2,0
"478",1,70,"no",1,3,5,2,0
"479",1,70,"no",1,4,5,3,0
"480",1,70,"no",1,5,5,3,0
"481",1,70,"no",1,6,5,3,0
"482",1,70,"no",1,7,6,3,1
"483",1,71,"no",0,1,2,-3,0
"484",1,71,"no",0,2,2,-3,0
"485",1,71,"no",0,3,2,-3,0
"486",1,71,"no",0,4,3,-2,0
"487",1,71,"no",0,5,6,2,0
"488",1,71,"no",0,6,2,-2,0
"489",1,71,"no",0,7,3,-2,-1
"490",1,72,"no",0,1,2,-2,0
"491",1,72,"no",0,2,1,-3,0
"492",1,72,"no",0,3,1,-3,-1
"493",1,73,"no",1,1,2,-2,0
"494",1,73,"no",1,2,2,-1,0
"495",1,73,"no",1,3,4,0,0
"496",1,73,"no",1,4,2,-1,0
"497",1,73,"no",1,5,5,3,1
"498",1,74,"no",0,1,3,-3,0
"499",1,74,"no",0,2,2,-3,0
"500",1,74,"no",0,3,2,-3,0
"501",1,74,"no",0,4,2,-3,0
"502",1,74,"no",0,5,2,-3,0
"503",1,74,"no",0,6,2,-3,0
"504",1,74,"no",0,7,3,-3,0
"505",1,74,"no",0,8,2,-3,-1
"506",1,75,"no",0,1,3,-3,0
"507",1,75,"no",0,2,5,1,0
"508",1,75,"no",0,3,6,2,0
"509",1,75,"no",0,4,2,-3,0
"510",1,75,"no",0,5,2,-1,0
"511",1,75,"no",0,6,2,-3,0
"512",1,75,"no",0,7,7,1,0
"513",1,75,"no",0,8,6,1,0
"514",1,75,"no",0,9,6,2,-1
"515",1,76,"no",1,1,2,-3,0
"516",1,76,"no",1,2,3,-3,0
"517",1,76,"no",1,3,6,1,0
"518",1,76,"no",1,4,6,2,0
"519",1,76,"no",1,5,6,3,0
"520",1,76,"no",1,6,5,3,0
"521",1,76,"no",1,7,5,3,1
"522",1,77,"no",0,1,3,-3,0
"523",1,77,"no",0,2,2,-2,0
"524",1,77,"no",0,3,2,-2,-1
"525",1,78,"no",0,1,2,-3,0
"526",1,78,"no",0,2,2,-3,0
"527",1,78,"no",0,3,2,-3,0
"528",1,78,"no",0,4,2,-3,-1
"529",1,79,"no",0,1,2,-2,0
"530",1,79,"no",0,2,6,1,0
"531",1,79,"no",0,3,2,-3,0
"532",1,79,"no",0,4,3,-1,-1
"533",1,80,"no",1,1,2,-3,0
"534",1,80,"no",1,2,6,3,0
"535",1,80,"no",1,3,6,1,0
"536",1,80,"no",1,4,6,2,1
"537",1,81,"no",0,1,2,-2,0
"538",1,81,"no",0,2,5,2,0
"539",1,81,"no",0,3,6,2,0
"540",1,81,"no",0,4,6,2,0
"541",1,81,"no",0,5,4,0,0
"542",1,81,"no",0,6,4,0,-1
"543",1,82,"no",1,1,2,-3,0
"544",1,82,"no",1,2,6,1,0
"545",1,82,"no",1,3,5,2,0
"546",1,82,"no",1,4,6,2,0
"547",1,82,"no",1,5,5,3,1
"548",1,83,"no",1,1,2,-2,0
"549",1,83,"no",1,2,6,2,1
"550",1,84,"no",1,1,2,-2,0
"551",1,84,"no",1,2,3,-1,0
"552",1,84,"no",1,3,6,1,0
"553",1,84,"no",1,4,4,0,0
"554",1,84,"no",1,5,3,-1,1
"555",1,85,"no",0,1,2,-1,0
"556",1,85,"no",0,2,3,-3,0
"557",1,85,"no",0,3,1,-3,0
"558",1,85,"no",0,4,1,-1,-1
"559",1,86,"no",1,1,3,-2,0
"560",1,86,"no",1,2,5,3,0
"561",1,86,"no",1,3,5,3,0
"562",1,86,"no",1,4,5,3,0
"563",1,86,"no",1,5,5,3,0
"564",1,86,"no",1,6,5,3,0
"565",1,86,"no",1,7,5,3,0
"566",1,86,"no",1,8,5,3,0
"567",1,86,"no",1,9,5,3,0
"568",1,86,"no",1,10,5,3,0
"569",1,86,"no",1,11,5,3,1
"570",1,87,"no",1,1,3,-3,0
"571",1,87,"no",1,2,6,2,0
"572",1,87,"no",1,3,3,-2,0
"573",1,87,"no",1,4,3,-2,0
"574",1,87,"no",1,5,2,-1,0
"575",1,87,"no",1,6,4,0,0
"576",1,87,"no",1,7,2,-1,0
"577",1,87,"no",1,8,4,0,0
"578",1,87,"no",1,9,6,3,0
"579",1,87,"no",1,10,5,3,1
"580",1,88,"no",0,1,2,-3,0
"581",1,88,"no",0,2,6,3,0
"582",1,88,"no",0,3,2,-3,0
"583",1,88,"no",0,4,2,-3,0
"584",1,88,"no",0,5,4,0,-1
"585",1,89,"no",0,1,1,-3,0
"586",1,89,"no",0,2,2,-2,0
"587",1,89,"no",0,3,2,-3,0
"588",1,89,"no",0,4,3,-3,-1
"589",1,90,"no",1,1,3,-3,0
"590",1,90,"no",1,2,5,2,0
"591",1,90,"no",1,3,3,-1,1
"592",1,91,"no",0,1,2,-3,0
"593",1,91,"no",0,2,6,2,0
"594",1,91,"no",0,3,3,-3,0
"595",1,91,"no",0,4,6,2,0
"596",1,91,"no",0,5,6,1,0
"597",1,91,"no",0,6,6,1,0
"598",1,91,"no",0,7,2,-3,-1
"599",1,92,"no",0,1,2,-3,0
"600",1,92,"no",0,2,2,-1,0
"601",1,92,"no",0,3,4,0,0
"602",1,92,"no",0,4,4,0,0
"603",1,92,"no",0,5,2,-2,0
"604",1,92,"no",0,6,2,-1,0
"605",1,92,"no",0,7,2,-1,0
"606",1,92,"no",0,8,2,-2,0
"607",1,92,"no",0,9,2,-1,0
"608",1,92,"no",0,10,4,0,-1
"609",1,93,"no",1,1,1,-3,0
"610",1,93,"no",1,2,5,3,0
"611",1,93,"no",1,3,5,3,0
"612",1,93,"no",1,4,5,3,0
"613",1,93,"no",1,5,5,3,0
"614",1,93,"no",1,6,5,3,0
"615",1,93,"no",1,7,5,3,1
"616",1,94,"no",0,1,3,-3,0
"617",1,94,"no",0,2,2,-3,0
"618",1,94,"no",0,3,3,-3,0
"619",1,94,"no",0,4,2,-1,0
"620",1,94,"no",0,5,3,-3,0
"621",1,94,"no",0,6,2,-3,0
"622",1,94,"no",0,7,3,-3,0
"623",1,94,"no",0,8,3,-1,0
"624",1,94,"no",0,9,2,-3,0
"625",1,94,"no",0,10,2,-3,0
"626",1,94,"no",0,11,2,-2,0
"627",1,94,"no",0,12,3,-2,0
"628",1,94,"no",0,13,3,-3,0
"629",1,94,"no",0,14,3,-3,0
"630",1,94,"no",0,15,3,-3,0
"631",1,94,"no",0,16,2,-3,0
"632",1,94,"no",0,17,3,-2,0
"633",1,94,"no",0,18,3,-3,0
"634",1,94,"no",0,19,3,-3,0
"635",1,94,"no",0,20,3,-3,0
"636",1,94,"no",0,21,2,-3,-1
"637",1,95,"no",0,1,2,-3,0
"638",1,95,"no",0,2,2,-3,0
"639",1,95,"no",0,3,2,-3,0
"640",1,95,"no",0,4,2,-3,0
"641",1,95,"no",0,5,3,-3,-1
"642",1,96,"no",1,1,2,-3,0
"643",1,96,"no",1,2,2,-3,0
"644",1,96,"no",1,3,5,3,0
"645",1,96,"no",1,4,3,-3,0
"646",1,96,"no",1,5,3,-3,0
"647",1,96,"no",1,6,5,3,0
"648",1,96,"no",1,7,6,3,0
"649",1,96,"no",1,8,5,3,0
"650",1,96,"no",1,9,2,-2,0
"651",1,96,"no",1,10,6,3,0
"652",1,96,"no",1,11,6,3,0
"653",1,96,"no",1,12,5,3,0
"654",1,96,"no",1,13,5,3,0
"655",1,96,"no",1,14,6,3,1
"656",1,97,"no",0,1,3,-3,0
"657",1,97,"no",0,2,6,3,0
"658",1,97,"no",0,3,5,2,0
"659",1,97,"no",0,4,6,2,0
"660",1,97,"no",0,5,6,2,0
"661",1,97,"no",0,6,4,0,0
"662",1,97,"no",0,7,5,3,0
"663",1,97,"no",0,8,5,2,0
"664",1,97,"no",0,9,3,-1,0
"665",1,97,"no",0,10,1,-3,0
"666",1,97,"no",0,11,1,-3,0
"667",1,97,"no",0,12,2,-2,0
"668",1,97,"no",0,13,3,-2,0
"669",1,97,"no",0,14,1,-3,0
"670",1,97,"no",0,15,2,-3,0
"671",1,97,"no",0,16,1,-3,0
"672",1,97,"no",0,17,2,-3,0
"673",1,97,"no",0,18,1,-1,0
"674",1,97,"no",0,19,1,-1,0
"675",1,97,"no",0,20,3,-3,0
"676",1,97,"no",0,21,3,-3,-1
"677",1,98,"no",0,1,2,-2,0
"678",1,98,"no",0,2,1,-2,0
"679",1,98,"no",0,3,3,-1,-1
"680",1,99,"no",1,1,2,-3,0
"681",1,99,"no",1,2,6,2,0
"682",1,99,"no",1,3,6,3,0
"683",1,99,"no",1,4,2,-2,0
"684",1,99,"no",1,5,6,3,0
"685",1,99,"no",1,6,2,-2,1
"686",1,100,"no",0,1,2,-3,0
"687",1,100,"no",0,2,2,-3,0
"688",1,100,"no",0,3,6,3,0
"689",1,100,"no",0,4,5,3,0
"690",1,100,"no",0,5,6,3,0
"691",1,100,"no",0,6,5,3,0
"692",1,100,"no",0,7,6,3,0
"693",1,100,"no",0,8,6,3,0
"694",1,100,"no",0,9,6,1,0
"695",1,100,"no",0,10,6,3,0
"696",1,100,"no",0,11,6,3,0
"697",1,100,"no",0,12,6,3,0
"698",1,100,"no",0,13,6,3,0
"699",1,100,"no",0,14,6,2,0
"700",1,100,"no",0,15,6,3,0
"701",1,100,"no",0,16,6,3,0
"702",1,100,"no",0,17,6,3,0
"703",1,100,"no",0,18,6,3,0
"704",1,100,"no",0,19,6,3,0
"705",1,100,"no",0,20,6,3,0
"706",1,100,"no",0,21,6,3,-1
"707",1,101,"no",1,1,2,-2,0
"708",1,101,"no",1,2,6,3,0
"709",1,101,"no",1,3,6,2,0
"710",1,101,"no",1,4,4,0,0
"711",1,101,"no",1,5,3,-1,0
"712",1,101,"no",1,6,6,3,0
"713",1,101,"no",1,7,2,-1,0
"714",1,101,"no",1,8,3,-3,0
"715",1,101,"no",1,9,1,-2,0
"716",1,101,"no",1,10,6,3,0
"717",1,101,"no",1,11,2,-1,0
"718",1,101,"no",1,12,6,2,0
"719",1,101,"no",1,13,6,2,1
"720",1,102,"yes",0,1,6,3,0
"721",1,102,"yes",0,2,5,3,-1
"722",1,103,"yes",1,1,6,1,0
"723",1,103,"yes",1,2,3,-2,0
"724",1,103,"yes",1,3,5,3,0
"725",1,103,"yes",1,4,5,3,0
"726",1,103,"yes",1,5,6,2,1
"727",1,104,"yes",1,1,6,3,0
"728",1,104,"yes",1,2,5,3,0
"729",1,104,"yes",1,3,6,2,0
"730",1,104,"yes",1,4,6,3,0
"731",1,104,"yes",1,5,5,3,0
"732",1,104,"yes",1,6,5,1,0
"733",1,104,"yes",1,7,6,3,0
"734",1,104,"yes",1,8,5,3,0
"735",1,104,"yes",1,9,5,3,0
"736",1,104,"yes",1,10,5,3,0
"737",1,104,"yes",1,11,5,1,0
"738",1,104,"yes",1,12,6,1,0
"739",1,104,"yes",1,13,6,2,0
"740",1,104,"yes",1,14,6,2,0
"741",1,104,"yes",1,15,6,2,0
"742",1,104,"yes",1,16,6,1,0
"743",1,104,"yes",1,17,5,2,0
"744",1,104,"yes",1,18,6,1,0
"745",1,104,"yes",1,19,6,3,0
"746",1,104,"yes",1,20,6,3,0
"747",1,104,"yes",1,21,5,2,1
"748",1,105,"yes",0,1,6,3,0
"749",1,105,"yes",0,2,6,3,0
"750",1,105,"yes",0,3,6,3,0
"751",1,105,"yes",0,4,6,3,0
"752",1,105,"yes",0,5,6,3,0
"753",1,105,"yes",0,6,6,3,0
"754",1,105,"yes",0,7,2,-3,0
"755",1,105,"yes",0,8,3,-2,0
"756",1,105,"yes",0,9,2,-1,0
"757",1,105,"yes",0,10,5,1,0
"758",1,105,"yes",0,11,2,-2,0
"759",1,105,"yes",0,12,6,3,0
"760",1,105,"yes",0,13,6,3,0
"761",1,105,"yes",0,14,3,-3,0
"762",1,105,"yes",0,15,6,2,0
"763",1,105,"yes",0,16,5,3,0
"764",1,105,"yes",0,17,6,1,0
"765",1,105,"yes",0,18,6,1,0
"766",1,105,"yes",0,19,6,1,0
"767",1,105,"yes",0,20,4,0,-1
"768",1,106,"yes",1,1,6,3,0
"769",1,106,"yes",1,2,4,0,0
"770",1,106,"yes",1,3,4,0,0
"771",1,106,"yes",1,4,4,0,0
"772",1,106,"yes",1,5,4,0,1
"773",1,107,"yes",0,1,6,2,0
"774",1,107,"yes",0,2,6,1,0
"775",1,107,"yes",0,3,4,0,0
"776",1,107,"yes",0,4,6,1,0
"777",1,107,"yes",0,5,4,0,-1
"778",1,108,"yes",1,1,6,2,0
"779",1,108,"yes",1,2,5,2,0
"780",1,108,"yes",1,3,5,2,0
"781",1,108,"yes",1,4,5,2,0
"782",1,108,"yes",1,5,6,2,0
"783",1,108,"yes",1,6,6,2,1
"784",1,109,"yes",1,1,6,3,0
"785",1,109,"yes",1,2,6,3,0
"786",1,109,"yes",1,3,6,3,0
"787",1,109,"yes",1,4,5,3,0
"788",1,109,"yes",1,5,6,3,0
"789",1,109,"yes",1,6,3,-2,0
"790",1,109,"yes",1,7,6,3,0
"791",1,109,"yes",1,8,6,2,0
"792",1,109,"yes",1,9,6,3,0
"793",1,109,"yes",1,10,4,0,1
"794",1,110,"yes",1,1,6,3,0
"795",1,110,"yes",1,2,5,3,0
"796",1,110,"yes",1,3,5,2,0
"797",1,110,"yes",1,4,5,3,0
"798",1,110,"yes",1,5,5,2,0
"799",1,110,"yes",1,6,5,3,1
"800",1,111,"yes",1,1,5,1,0
"801",1,111,"yes",1,2,6,2,0
"802",1,111,"yes",1,3,5,2,0
"803",1,111,"yes",1,4,5,2,0
"804",1,111,"yes",1,5,6,2,0
"805",1,111,"yes",1,6,5,2,0
"806",1,111,"yes",1,7,5,2,0
"807",1,111,"yes",1,8,5,1,0
"808",1,111,"yes",1,9,5,1,0
"809",1,111,"yes",1,10,5,2,1
"810",1,112,"yes",0,1,6,2,0
"811",1,112,"yes",0,2,2,-3,0
"812",1,112,"yes",0,3,6,1,0
"813",1,112,"yes",0,4,2,-3,-1
"814",1,113,"yes",1,1,6,2,0
"815",1,113,"yes",1,2,6,3,0
"816",1,113,"yes",1,3,5,2,0
"817",1,113,"yes",1,4,6,3,0
"818",1,113,"yes",1,5,6,1,0
"819",1,113,"yes",1,6,6,2,1
"820",1,114,"yes",0,1,6,2,0
"821",1,114,"yes",0,2,2,-1,0
"822",1,114,"yes",0,3,4,0,0
"823",1,114,"yes",0,4,3,-2,0
"824",1,114,"yes",0,5,2,-3,0
"825",1,114,"yes",0,6,2,-3,0
"826",1,114,"yes",0,7,4,0,0
"827",1,114,"yes",0,8,6,1,0
"828",1,114,"yes",0,9,2,-3,0
"829",1,114,"yes",0,10,2,-1,0
"830",1,114,"yes",0,11,4,0,0
"831",1,114,"yes",0,12,6,2,0
"832",1,114,"yes",0,13,3,-2,0
"833",1,114,"yes",0,14,1,-1,0
"834",1,114,"yes",0,15,3,-1,0
"835",1,114,"yes",0,16,3,-2,0
"836",1,114,"yes",0,17,3,-1,0
"837",1,114,"yes",0,18,4,0,0
"838",1,114,"yes",0,19,3,-1,0
"839",1,114,"yes",0,20,4,0,0
"840",1,114,"yes",0,21,3,-1,-1
"841",1,115,"yes",1,1,5,3,0
"842",1,115,"yes",1,2,6,3,0
"843",1,115,"yes",1,3,5,3,0
"844",1,115,"yes",1,4,5,3,0
"845",1,115,"yes",1,5,6,3,0
"846",1,115,"yes",1,6,5,3,0
"847",1,115,"yes",1,7,5,3,0
"848",1,115,"yes",1,8,5,3,0
"849",1,115,"yes",1,9,5,3,0
"850",1,115,"yes",1,10,5,3,0
"851",1,115,"yes",1,11,5,3,1
"852",1,116,"yes",1,1,5,3,0
"853",1,116,"yes",1,2,6,3,0
"854",1,116,"yes",1,3,6,3,0
"855",1,116,"yes",1,4,5,3,0
"856",1,116,"yes",1,5,2,-3,0
"857",1,116,"yes",1,6,6,1,0
"858",1,116,"yes",1,7,6,1,1
"859",1,117,"yes",0,1,6,3,0
"860",1,117,"yes",0,2,5,3,0
"861",1,117,"yes",0,3,6,3,0
"862",1,117,"yes",0,4,6,3,-1
"863",1,118,"yes",1,1,6,2,0
"864",1,118,"yes",1,2,5,2,0
"865",1,118,"yes",1,3,5,2,1
"866",1,119,"yes",1,1,6,3,0
"867",1,119,"yes",1,2,6,1,0
"868",1,119,"yes",1,3,6,3,0
"869",1,119,"yes",1,4,6,2,1
"870",1,120,"yes",1,1,6,2,0
"871",1,120,"yes",1,2,2,-3,0
"872",1,120,"yes",1,3,6,2,0
"873",1,120,"yes",1,4,2,-3,1
"874",1,121,"yes",0,1,6,3,0
"875",1,121,"yes",0,2,3,-3,0
"876",1,121,"yes",0,3,6,1,0
"877",1,121,"yes",0,4,6,2,0
"878",1,121,"yes",0,5,5,3,0
"879",1,121,"yes",0,6,6,2,0
"880",1,121,"yes",0,7,6,3,0
"881",1,121,"yes",0,8,6,3,0
"882",1,121,"yes",0,9,6,2,0
"883",1,121,"yes",0,10,6,3,0
"884",1,121,"yes",0,11,6,3,0
"885",1,121,"yes",0,12,6,3,0
"886",1,121,"yes",0,13,6,3,0
"887",1,121,"yes",0,14,6,3,0
"888",1,121,"yes",0,15,6,3,0
"889",1,121,"yes",0,16,6,2,0
"890",1,121,"yes",0,17,4,0,0
"891",1,121,"yes",0,18,6,1,0
"892",1,121,"yes",0,19,6,1,0
"893",1,121,"yes",0,20,2,-3,0
"894",1,121,"yes",0,21,3,-1,-1
"895",1,122,"yes",0,1,6,2,0
"896",1,122,"yes",0,2,4,0,0
"897",1,122,"yes",0,3,3,-1,0
"898",1,122,"yes",0,4,3,-1,0
"899",1,122,"yes",0,5,6,2,0
"900",1,122,"yes",0,6,4,0,0
"901",1,122,"yes",0,7,4,0,0
"902",1,122,"yes",0,8,2,-1,0
"903",1,122,"yes",0,9,4,0,-1
"904",1,123,"yes",1,1,6,3,0
"905",1,123,"yes",1,2,6,3,0
"906",1,123,"yes",1,3,6,3,0
"907",1,123,"yes",1,4,6,3,0
"908",1,123,"yes",1,5,6,3,0
"909",1,123,"yes",1,6,6,3,1
"910",1,124,"yes",1,1,6,2,0
"911",1,124,"yes",1,2,3,-2,0
"912",1,124,"yes",1,3,6,2,0
"913",1,124,"yes",1,4,3,-2,0
"914",1,124,"yes",1,5,6,2,0
"915",1,124,"yes",1,6,6,2,0
"916",1,124,"yes",1,7,6,2,1
"917",1,125,"yes",1,1,6,3,0
"918",1,125,"yes",1,2,5,3,0
"919",1,125,"yes",1,3,6,1,0
"920",1,125,"yes",1,4,6,2,0
"921",1,125,"yes",1,5,6,2,0
"922",1,125,"yes",1,6,6,3,0
"923",1,125,"yes",1,7,5,1,0
"924",1,125,"yes",1,8,6,2,0
"925",1,125,"yes",1,9,6,3,0
"926",1,125,"yes",1,10,5,3,0
"927",1,125,"yes",1,11,5,3,0
"928",1,125,"yes",1,12,5,3,1
"929",1,126,"yes",1,1,6,3,0
"930",1,126,"yes",1,2,6,3,0
"931",1,126,"yes",1,3,6,3,0
"932",1,126,"yes",1,4,5,3,0
"933",1,126,"yes",1,5,5,3,0
"934",1,126,"yes",1,6,6,3,0
"935",1,126,"yes",1,7,5,3,0
"936",1,126,"yes",1,8,5,3,0
"937",1,126,"yes",1,9,6,3,0
"938",1,126,"yes",1,10,5,3,1
"939",1,127,"yes",0,1,6,3,0
"940",1,127,"yes",0,2,6,3,0
"941",1,127,"yes",0,3,6,3,0
"942",1,127,"yes",0,4,6,1,0
"943",1,127,"yes",0,5,5,1,0
"944",1,127,"yes",0,6,5,2,0
"945",1,127,"yes",0,7,5,1,-1
"946",1,128,"yes",0,1,6,2,0
"947",1,128,"yes",0,2,2,-3,0
"948",1,128,"yes",0,3,2,-3,0
"949",1,128,"yes",0,4,6,2,0
"950",1,128,"yes",0,5,3,-2,0
"951",1,128,"yes",0,6,3,-1,0
"952",1,128,"yes",0,7,6,1,0
"953",1,128,"yes",0,8,2,-3,0
"954",1,128,"yes",0,9,4,0,0
"955",1,128,"yes",0,10,6,3,-1
"956",1,129,"yes",0,1,6,3,0
"957",1,129,"yes",0,2,6,2,0
"958",1,129,"yes",0,3,6,3,0
"959",1,129,"yes",0,4,2,-2,0
"960",1,129,"yes",0,5,3,-3,0
"961",1,129,"yes",0,6,3,-3,0
"962",1,129,"yes",0,7,2,-2,0
"963",1,129,"yes",0,8,2,-1,-1
"964",1,130,"yes",1,1,6,3,0
"965",1,130,"yes",1,2,3,-1,0
"966",1,130,"yes",1,3,6,2,0
"967",1,130,"yes",1,4,6,3,0
"968",1,130,"yes",1,5,6,2,0
"969",1,130,"yes",1,6,6,3,1
"970",1,131,"yes",0,1,6,2,0
"971",1,131,"yes",0,2,6,1,0
"972",1,131,"yes",0,3,3,-3,0
"973",1,131,"yes",0,4,6,1,0
"974",1,131,"yes",0,5,2,-2,-1
"975",1,132,"yes",1,1,6,2,0
"976",1,132,"yes",1,2,2,-2,0
"977",1,132,"yes",1,3,3,-2,0
"978",1,132,"yes",1,4,6,1,0
"979",1,132,"yes",1,5,4,0,0
"980",1,132,"yes",1,6,3,-1,0
"981",1,132,"yes",1,7,5,1,0
"982",1,132,"yes",1,8,6,2,1
"983",1,133,"yes",1,1,6,3,0
"984",1,133,"yes",1,2,6,3,0
"985",1,133,"yes",1,3,2,-3,0
"986",1,133,"yes",1,4,6,3,0
"987",1,133,"yes",1,5,6,2,1
"988",1,134,"yes",0,1,6,2,0
"989",1,134,"yes",0,2,6,3,0
"990",1,134,"yes",0,3,2,-3,0
"991",1,134,"yes",0,4,2,-3,0
"992",1,134,"yes",0,5,2,-3,-1
"993",1,135,"yes",1,1,6,3,0
"994",1,135,"yes",1,2,5,2,0
"995",1,135,"yes",1,3,5,1,0
"996",1,135,"yes",1,4,6,1,1
"997",1,136,"yes",1,1,6,3,0
"998",1,136,"yes",1,2,6,3,0
"999",1,136,"yes",1,3,6,3,1
"1000",1,137,"yes",1,1,6,3,0
"1001",1,137,"yes",1,2,6,2,0
"1002",1,137,"yes",1,3,5,2,0
"1003",1,137,"yes",1,4,6,2,0
"1004",1,137,"yes",1,5,6,2,1
"1005",1,138,"yes",1,1,6,3,0
"1006",1,138,"yes",1,2,5,3,1
"1007",1,139,"yes",1,1,5,2,0
"1008",1,139,"yes",1,2,5,2,1
"1009",1,140,"yes",0,1,6,3,0
"1010",1,140,"yes",0,2,6,2,0
"1011",1,140,"yes",0,3,2,-3,-1
"1012",1,141,"yes",1,1,6,3,0
"1013",1,141,"yes",1,2,6,3,0
"1014",1,141,"yes",1,3,6,3,0
"1015",1,141,"yes",1,4,6,3,0
"1016",1,141,"yes",1,5,6,3,0
"1017",1,141,"yes",1,6,6,3,0
"1018",1,141,"yes",1,7,6,3,1
"1019",1,142,"yes",0,1,6,3,0
"1020",1,142,"yes",0,2,2,-3,0
"1021",1,142,"yes",0,3,4,0,-1
"1022",1,143,"yes",1,1,6,3,0
"1023",1,143,"yes",1,2,6,3,0
"1024",1,143,"yes",1,3,3,-3,0
"1025",1,143,"yes",1,4,6,3,0
"1026",1,143,"yes",1,5,6,2,0
"1027",1,143,"yes",1,6,6,2,0
"1028",1,143,"yes",1,7,6,2,1
"1029",1,144,"yes",0,1,6,1,0
"1030",1,144,"yes",0,2,2,-2,0
"1031",1,144,"yes",0,3,6,1,0
"1032",1,144,"yes",0,4,3,-2,0
"1033",1,144,"yes",0,5,1,-1,-1
"1034",1,145,"yes",0,1,6,1,0
"1035",1,145,"yes",0,2,6,3,0
"1036",1,145,"yes",0,3,6,3,0
"1037",1,145,"yes",0,4,6,3,0
"1038",1,145,"yes",0,5,6,3,0
"1039",1,145,"yes",0,6,6,3,0
"1040",1,145,"yes",0,7,6,3,-1
"1041",1,146,"yes",1,1,5,3,0
"1042",1,146,"yes",1,2,5,3,0
"1043",1,146,"yes",1,3,5,3,0
"1044",1,146,"yes",1,4,5,3,0
"1045",1,146,"yes",1,5,5,3,0
"1046",1,146,"yes",1,6,5,3,1
"1047",1,147,"yes",0,1,6,2,0
"1048",1,147,"yes",0,2,2,-3,0
"1049",1,147,"yes",0,3,2,-2,0
"1050",1,147,"yes",0,4,3,-3,0
"1051",1,147,"yes",0,5,2,-3,0
"1052",1,147,"yes",0,6,3,-3,-1
"1053",1,148,"yes",0,1,6,3,0
"1054",1,148,"yes",0,2,6,3,0
"1055",1,148,"yes",0,3,3,-2,0
"1056",1,148,"yes",0,4,4,0,0
"1057",1,148,"yes",0,5,2,-2,0
"1058",1,148,"yes",0,6,2,-3,-1
"1059",1,149,"yes",1,1,6,2,0
"1060",1,149,"yes",1,2,5,2,0
"1061",1,149,"yes",1,3,4,0,0
"1062",1,149,"yes",1,4,5,2,1
"1063",1,150,"yes",0,1,6,1,0
"1064",1,150,"yes",0,2,5,2,0
"1065",1,150,"yes",0,3,5,2,0
"1066",1,150,"yes",0,4,6,2,0
"1067",1,150,"yes",0,5,5,2,0
"1068",1,150,"yes",0,6,6,3,0
"1069",1,150,"yes",0,7,6,3,-1
"1070",1,151,"yes",0,1,6,3,0
"1071",1,151,"yes",0,2,5,2,0
"1072",1,151,"yes",0,3,6,2,0
"1073",1,151,"yes",0,4,4,0,0
"1074",1,151,"yes",0,5,6,2,0
"1075",1,151,"yes",0,6,6,3,-1
"1076",1,152,"yes",0,1,4,0,0
"1077",1,152,"yes",0,2,6,3,0
"1078",1,152,"yes",0,3,6,2,0
"1079",1,152,"yes",0,4,6,1,0
"1080",1,152,"yes",0,5,2,-2,-1
"1081",1,153,"yes",1,1,6,2,0
"1082",1,153,"yes",1,2,6,2,0
"1083",1,153,"yes",1,3,6,2,0
"1084",1,153,"yes",1,4,6,2,0
"1085",1,153,"yes",1,5,2,-1,1
"1086",1,154,"yes",1,1,4,0,0
"1087",1,154,"yes",1,2,4,0,0
"1088",1,154,"yes",1,3,4,0,0
"1089",1,154,"yes",1,4,5,3,0
"1090",1,154,"yes",1,5,5,3,0
"1091",1,154,"yes",1,6,5,3,1
"1092",1,155,"yes",1,1,6,3,0
"1093",1,155,"yes",1,2,6,3,0
"1094",1,155,"yes",1,3,5,3,0
"1095",1,155,"yes",1,4,6,3,0
"1096",1,155,"yes",1,5,5,3,0
"1097",1,155,"yes",1,6,5,3,0
"1098",1,155,"yes",1,7,5,3,1
"1099",1,156,"yes",1,1,6,3,0
"1100",1,156,"yes",1,2,3,-2,0
"1101",1,156,"yes",1,3,2,-1,0
"1102",1,156,"yes",1,4,6,2,0
"1103",1,156,"yes",1,5,3,-2,0
"1104",1,156,"yes",1,6,5,3,1
"1105",1,157,"yes",1,1,6,3,0
"1106",1,157,"yes",1,2,6,1,0
"1107",1,157,"yes",1,3,2,-1,0
"1108",1,157,"yes",1,4,6,3,0
"1109",1,157,"yes",1,5,6,3,1
"1110",1,158,"yes",1,1,6,3,0
"1111",1,158,"yes",1,2,3,-3,0
"1112",1,158,"yes",1,3,6,3,0
"1113",1,158,"yes",1,4,2,-2,1
"1114",1,159,"yes",0,1,6,3,0
"1115",1,159,"yes",0,2,2,-3,0
"1116",1,159,"yes",0,3,2,-3,0
"1117",1,159,"yes",0,4,2,-3,0
"1118",1,159,"yes",0,5,2,-2,0
"1119",1,159,"yes",0,6,2,-3,-1
"1120",1,160,"yes",1,1,6,3,0
"1121",1,160,"yes",1,2,5,3,0
"1122",1,160,"yes",1,3,5,1,0
"1123",1,160,"yes",1,4,5,1,0
"1124",1,160,"yes",1,5,3,-3,0
"1125",1,160,"yes",1,6,3,-3,0
"1126",1,160,"yes",1,7,6,1,0
"1127",1,160,"yes",1,8,6,3,0
"1128",1,160,"yes",1,9,3,-3,1
"1129",1,161,"yes",0,1,5,1,0
"1130",1,161,"yes",0,2,3,-2,0
"1131",1,161,"yes",0,3,2,-3,-1
"1132",1,162,"yes",0,1,6,3,0
"1133",1,162,"yes",0,2,2,-3,0
"1134",1,162,"yes",0,3,3,-3,0
"1135",1,162,"yes",0,4,6,2,0
"1136",1,162,"yes",0,5,6,3,0
"1137",1,162,"yes",0,6,4,0,0
"1138",1,162,"yes",0,7,3,-3,0
"1139",1,162,"yes",0,8,2,-3,-1
"1140",1,163,"yes",1,1,6,2,0
"1141",1,163,"yes",1,2,5,2,0
"1142",1,163,"yes",1,3,5,3,0
"1143",1,163,"yes",1,4,5,3,0
"1144",1,163,"yes",1,5,5,3,0
"1145",1,163,"yes",1,6,5,3,0
"1146",1,163,"yes",1,7,5,1,1
"1147",1,164,"yes",1,1,6,3,0
"1148",1,164,"yes",1,2,5,3,0
"1149",1,164,"yes",1,3,5,1,0
"1150",1,164,"yes",1,4,6,1,0
"1151",1,164,"yes",1,5,5,3,0
"1152",1,164,"yes",1,6,6,2,1
"1153",1,165,"yes",0,1,6,2,0
"1154",1,165,"yes",0,2,3,-3,0
"1155",1,165,"yes",0,3,3,-1,0
"1156",1,165,"yes",0,4,2,-3,0
"1157",1,165,"yes",0,5,2,-2,0
"1158",1,165,"yes",0,6,5,1,0
"1159",1,165,"yes",0,7,5,2,0
"1160",1,165,"yes",0,8,2,-2,0
"1161",1,165,"yes",0,9,5,1,0
"1162",1,165,"yes",0,10,5,1,0
"1163",1,165,"yes",0,11,2,-2,0
"1164",1,165,"yes",0,12,2,-3,0
"1165",1,165,"yes",0,13,2,-3,0
"1166",1,165,"yes",0,14,2,-3,0
"1167",1,165,"yes",0,15,2,-3,-1
"1168",1,166,"yes",1,1,6,3,0
"1169",1,166,"yes",1,2,6,3,0
"1170",1,166,"yes",1,3,3,-2,0
"1171",1,166,"yes",1,4,6,3,0
"1172",1,166,"yes",1,5,2,-1,0
"1173",1,166,"yes",1,6,6,1,0
"1174",1,166,"yes",1,7,6,2,0
"1175",1,166,"yes",1,8,2,-1,0
"1176",1,166,"yes",1,9,2,-2,0
"1177",1,166,"yes",1,10,6,3,1
"1178",1,167,"yes",0,1,6,3,0
"1179",1,167,"yes",0,2,5,3,0
"1180",1,167,"yes",0,3,3,-3,0
"1181",1,167,"yes",0,4,3,-1,-1
"1182",1,168,"yes",0,1,6,2,0
"1183",1,168,"yes",0,2,2,-2,0
"1184",1,168,"yes",0,3,2,-3,0
"1185",1,168,"yes",0,4,2,-3,0
"1186",1,168,"yes",0,5,2,-3,0
"1187",1,168,"yes",0,6,6,3,-1
"1188",1,169,"yes",0,1,6,3,0
"1189",1,169,"yes",0,2,2,-2,0
"1190",1,169,"yes",0,3,5,1,0
"1191",1,169,"yes",0,4,3,-1,0
"1192",1,169,"yes",0,5,3,-2,-1
"1193",1,170,"yes",1,1,6,3,0
"1194",1,170,"yes",1,2,2,-3,0
"1195",1,170,"yes",1,3,6,2,0
"1196",1,170,"yes",1,4,6,2,0
"1197",1,170,"yes",1,5,6,2,0
"1198",1,170,"yes",1,6,6,1,0
"1199",1,170,"yes",1,7,5,1,0
"1200",1,170,"yes",1,8,6,3,0
"1201",1,170,"yes",1,9,6,3,0
"1202",1,170,"yes",1,10,5,3,0
"1203",1,170,"yes",1,11,5,3,0
"1204",1,170,"yes",1,12,6,3,0
"1205",1,170,"yes",1,13,6,1,1
"1206",1,171,"yes",0,1,6,1,0
"1207",1,171,"yes",0,2,5,1,0
"1208",1,171,"yes",0,3,6,1,0
"1209",1,171,"yes",0,4,5,1,-1
"1210",1,172,"yes",1,1,6,3,0
"1211",1,172,"yes",1,2,3,-2,0
"1212",1,172,"yes",1,3,2,-1,0
"1213",1,172,"yes",1,4,3,-1,0
"1214",1,172,"yes",1,5,3,-1,0
"1215",1,172,"yes",1,6,6,1,0
"1216",1,172,"yes",1,7,6,2,1
"1217",1,173,"yes",0,1,6,3,0
"1218",1,173,"yes",0,2,2,-2,0
"1219",1,173,"yes",0,3,6,1,0
"1220",1,173,"yes",0,4,6,1,-1
"1221",1,174,"yes",0,1,6,3,0
"1222",1,174,"yes",0,2,2,-3,0
"1223",1,174,"yes",0,3,6,2,0
"1224",1,174,"yes",0,4,2,-1,0
"1225",1,174,"yes",0,5,2,-1,0
"1226",1,174,"yes",0,6,2,-3,-1
"1227",1,175,"yes",0,1,6,3,0
"1228",1,175,"yes",0,2,3,-3,0
"1229",1,175,"yes",0,3,6,3,0
"1230",1,175,"yes",0,4,3,-2,0
"1231",1,175,"yes",0,5,3,-3,-1
"1232",1,176,"yes",1,1,6,3,0
"1233",1,176,"yes",1,2,3,-1,0
"1234",1,176,"yes",1,3,5,3,1
"1235",1,177,"yes",0,1,6,2,0
"1236",1,177,"yes",0,2,3,-2,0
"1237",1,177,"yes",0,3,6,1,0
"1238",1,177,"yes",0,4,3,-1,0
"1239",1,177,"yes",0,5,2,-3,0
"1240",1,177,"yes",0,6,6,3,0
"1241",1,177,"yes",0,7,6,3,0
"1242",1,177,"yes",0,8,6,1,-1
"1243",1,178,"yes",1,1,5,3,0
"1244",1,178,"yes",1,2,6,2,0
"1245",1,178,"yes",1,3,4,0,0
"1246",1,178,"yes",1,4,6,2,0
"1247",1,178,"yes",1,5,4,0,0
"1248",1,178,"yes",1,6,5,3,1
"1249",1,179,"yes",0,1,6,2,0
"1250",1,179,"yes",0,2,2,-2,0
"1251",1,179,"yes",0,3,6,2,0
"1252",1,179,"yes",0,4,6,2,0
"1253",1,179,"yes",0,5,2,-2,0
"1254",1,179,"yes",0,6,4,0,0
"1255",1,179,"yes",0,7,2,-2,-1
"1256",1,180,"yes",1,1,6,3,0
"1257",1,180,"yes",1,2,4,0,0
"1258",1,180,"yes",1,3,4,0,0
"1259",1,180,"yes",1,4,4,0,0
"1260",1,180,"yes",1,5,5,1,0
"1261",1,180,"yes",1,6,5,2,0
"1262",1,180,"yes",1,7,5,1,0
"1263",1,180,"yes",1,8,5,2,0
"1264",1,180,"yes",1,9,5,3,1
"1265",1,181,"yes",1,1,6,3,0
"1266",1,181,"yes",1,2,5,2,0
"1267",1,181,"yes",1,3,3,-1,0
"1268",1,181,"yes",1,4,5,1,0
"1269",1,181,"yes",1,5,3,-1,0
"1270",1,181,"yes",1,6,3,-1,0
"1271",1,181,"yes",1,7,4,0,0
"1272",1,181,"yes",1,8,5,3,1
"1273",1,182,"yes",1,1,6,3,0
"1274",1,182,"yes",1,2,6,3,0
"1275",1,182,"yes",1,3,5,3,0
"1276",1,182,"yes",1,4,6,3,1
"1277",1,183,"yes",1,1,6,3,0
"1278",1,183,"yes",1,2,6,3,0
"1279",1,183,"yes",1,3,2,-1,0
"1280",1,183,"yes",1,4,2,-2,0
"1281",1,183,"yes",1,5,2,-1,0
"1282",1,183,"yes",1,6,1,-1,1
"1283",1,184,"yes",1,1,6,2,0
"1284",1,184,"yes",1,2,5,3,0
"1285",1,184,"yes",1,3,5,3,0
"1286",1,184,"yes",1,4,5,3,0
"1287",1,184,"yes",1,5,5,3,0
"1288",1,184,"yes",1,6,5,3,1
"1289",1,185,"yes",0,1,6,3,0
"1290",1,185,"yes",0,2,6,2,0
"1291",1,185,"yes",0,3,6,2,0
"1292",1,185,"yes",0,4,2,-3,0
"1293",1,185,"yes",0,5,2,-1,0
"1294",1,185,"yes",0,6,2,-1,-1
"1295",1,186,"yes",1,1,6,3,0
"1296",1,186,"yes",1,2,6,3,0
"1297",1,186,"yes",1,3,6,3,0
"1298",1,186,"yes",1,4,6,3,0
"1299",1,186,"yes",1,5,6,3,0
"1300",1,186,"yes",1,6,5,3,0
"1301",1,186,"yes",1,7,5,3,0
"1302",1,186,"yes",1,8,6,3,0
"1303",1,186,"yes",1,9,6,3,0
"1304",1,186,"yes",1,10,4,0,0
"1305",1,186,"yes",1,11,6,3,0
"1306",1,186,"yes",1,12,6,3,0
"1307",1,186,"yes",1,13,6,3,1
"1308",1,187,"yes",1,1,6,3,0
"1309",1,187,"yes",1,2,5,3,0
"1310",1,187,"yes",1,3,6,3,0
"1311",1,187,"yes",1,4,3,-2,0
"1312",1,187,"yes",1,5,2,-3,0
"1313",1,187,"yes",1,6,6,1,0
"1314",1,187,"yes",1,7,6,3,1
"1315",1,188,"yes",1,1,6,3,0
"1316",1,188,"yes",1,2,5,3,0
"1317",1,188,"yes",1,3,5,2,0
"1318",1,188,"yes",1,4,5,3,0
"1319",1,188,"yes",1,5,4,0,0
"1320",1,188,"yes",1,6,5,2,0
"1321",1,188,"yes",1,7,4,0,0
"1322",1,188,"yes",1,8,5,3,0
"1323",1,188,"yes",1,9,5,3,1
"1324",1,189,"yes",0,1,6,3,0
"1325",1,189,"yes",0,2,2,-3,0
"1326",1,189,"yes",0,3,3,-3,0
"1327",1,189,"yes",0,4,2,-3,-1
"1328",1,190,"yes",0,1,6,1,0
"1329",1,190,"yes",0,2,6,2,0
"1330",1,190,"yes",0,3,5,2,0
"1331",1,190,"yes",0,4,3,-3,0
"1332",1,190,"yes",0,5,4,0,-1
"1333",1,191,"yes",1,1,6,3,0
"1334",1,191,"yes",1,2,6,2,0
"1335",1,191,"yes",1,3,4,0,0
"1336",1,191,"yes",1,4,6,3,1
"1337",1,192,"yes",0,1,6,2,0
"1338",1,192,"yes",0,2,6,3,0
"1339",1,192,"yes",0,3,6,2,0
"1340",1,192,"yes",0,4,3,-3,0
"1341",1,192,"yes",0,5,3,-3,-1
"1342",1,193,"yes",1,1,6,3,0
"1343",1,193,"yes",1,2,5,2,0
"1344",1,193,"yes",1,3,5,3,0
"1345",1,193,"yes",1,4,5,1,0
"1346",1,193,"yes",1,5,5,2,0
"1347",1,193,"yes",1,6,7,3,0
"1348",1,193,"yes",1,7,5,1,1
"1349",1,194,"yes",0,1,6,3,0
"1350",1,194,"yes",0,2,6,1,0
"1351",1,194,"yes",0,3,3,-3,0
"1352",1,194,"yes",0,4,2,-1,-1
"1353",1,195,"yes",1,1,6,3,0
"1354",1,195,"yes",1,2,6,2,0
"1355",1,195,"yes",1,3,6,3,0
"1356",1,195,"yes",1,4,6,3,0
"1357",1,195,"yes",1,5,6,3,0
"1358",1,195,"yes",1,6,6,3,1
"1359",1,196,"yes",1,1,6,2,0
"1360",1,196,"yes",1,2,6,2,0
"1361",1,196,"yes",1,3,5,2,0
"1362",1,196,"yes",1,4,5,3,0
"1363",1,196,"yes",1,5,5,3,0
"1364",1,196,"yes",1,6,5,3,0
"1365",1,196,"yes",1,7,6,2,0
"1366",1,196,"yes",1,8,3,-3,0
"1367",1,196,"yes",1,9,2,-2,0
"1368",1,196,"yes",1,10,3,-2,0
"1369",1,196,"yes",1,11,6,2,0
"1370",1,196,"yes",1,12,6,2,0
"1371",1,196,"yes",1,13,6,2,0
"1372",1,196,"yes",1,14,4,0,0
"1373",1,196,"yes",1,15,4,0,0
"1374",1,196,"yes",1,16,6,2,0
"1375",1,196,"yes",1,17,6,1,0
"1376",1,196,"yes",1,18,4,0,0
"1377",1,196,"yes",1,19,6,2,0
"1378",1,196,"yes",1,20,6,3,0
"1379",1,196,"yes",1,21,6,3,1
"1380",1,197,"yes",1,1,6,3,0
"1381",1,197,"yes",1,2,2,-1,0
"1382",1,197,"yes",1,3,6,2,1
"1383",1,198,"yes",0,1,5,3,0
"1384",1,198,"yes",0,2,2,-3,-1
"1385",1,199,"yes",0,1,5,2,0
"1386",1,199,"yes",0,2,6,2,0
"1387",1,199,"yes",0,3,5,3,0
"1388",1,199,"yes",0,4,5,3,0
"1389",1,199,"yes",0,5,6,3,0
"1390",1,199,"yes",0,6,5,3,0
"1391",1,199,"yes",0,7,5,3,0
"1392",1,199,"yes",0,8,5,3,-1
"1393",1,200,"yes",0,1,4,0,0
"1394",1,200,"yes",0,2,4,0,0
"1395",1,200,"yes",0,3,2,-2,0
"1396",1,200,"yes",0,4,2,-3,-1
"1397",1,201,"yes",1,1,6,3,0
"1398",1,201,"yes",1,2,2,-2,0
"1399",1,201,"yes",1,3,2,-2,0
"1400",1,201,"yes",1,4,6,2,1
"1401",1,202,"yes",1,1,6,3,0
"1402",1,202,"yes",1,2,6,2,0
"1403",1,202,"yes",1,3,6,1,0
"1404",1,202,"yes",1,4,6,2,0
"1405",1,202,"yes",1,5,3,-2,0
"1406",1,202,"yes",1,6,3,-2,0
"1407",1,202,"yes",1,7,3,-2,0
"1408",1,202,"yes",1,8,3,-2,1
"1409",1,203,"yes",1,1,6,3,0
"1410",1,203,"yes",1,2,6,2,0
"1411",1,203,"yes",1,3,6,2,0
"1412",1,203,"yes",1,4,2,-2,0
"1413",1,203,"yes",1,5,5,2,0
"1414",1,203,"yes",1,6,4,0,1
"1415",1,204,"yes",1,1,6,3,0
"1416",1,204,"yes",1,2,6,3,0
"1417",1,204,"yes",1,3,6,3,0
"1418",1,204,"yes",1,4,6,3,0
"1419",1,204,"yes",1,5,6,3,0
"1420",1,204,"yes",1,6,6,3,0
"1421",1,204,"yes",1,7,6,3,1
"1422",1,205,"yes",1,1,6,3,0
"1423",1,205,"yes",1,2,6,3,0
"1424",1,205,"yes",1,3,6,2,0
"1425",1,205,"yes",1,4,5,3,0
"1426",1,205,"yes",1,5,3,-2,0
"1427",1,205,"yes",1,6,4,0,0
"1428",1,205,"yes",1,7,3,-2,1
"1429",1,206,"yes",1,1,6,3,0
"1430",1,206,"yes",1,2,6,3,0
"1431",1,206,"yes",1,3,3,-2,0
"1432",1,206,"yes",1,4,6,3,0
"1433",1,206,"yes",1,5,3,-2,0
"1434",1,206,"yes",1,6,3,-2,0
"1435",1,206,"yes",1,7,6,3,1
"1436",1,207,"yes",0,1,6,1,0
"1437",1,207,"yes",0,2,2,-3,0
"1438",1,207,"yes",0,3,4,0,0
"1439",1,207,"yes",0,4,6,2,0
"1440",1,207,"yes",0,5,2,-2,-1
"1441",1,208,"yes",1,1,6,3,0
"1442",1,208,"yes",1,2,6,3,0
"1443",1,208,"yes",1,3,6,3,0
"1444",1,208,"yes",1,4,6,3,0
"1445",1,208,"yes",1,5,6,3,0
"1446",1,208,"yes",1,6,6,2,0
"1447",1,208,"yes",1,7,6,3,0
"1448",1,208,"yes",1,8,6,3,1
"1449",1,209,"yes",1,1,6,3,0
"1450",1,209,"yes",1,2,5,3,0
"1451",1,209,"yes",1,3,5,2,0
"1452",1,209,"yes",1,4,6,2,0
"1453",1,209,"yes",1,5,6,2,0
"1454",1,209,"yes",1,6,5,1,1
"1455",1,210,"yes",0,1,6,3,0
"1456",1,210,"yes",0,2,4,0,0
"1457",1,210,"yes",0,3,6,3,-1
"1458",1,211,"yes",1,1,6,1,0
"1459",1,211,"yes",1,2,6,1,0
"1460",1,211,"yes",1,3,6,2,0
"1461",1,211,"yes",1,4,2,-3,0
"1462",1,211,"yes",1,5,2,-3,0
"1463",1,211,"yes",1,6,6,2,0
"1464",1,211,"yes",1,7,6,2,0
"1465",1,211,"yes",1,8,3,-2,0
"1466",1,211,"yes",1,9,6,2,0
"1467",1,211,"yes",1,10,4,0,0
"1468",1,211,"yes",1,11,6,3,0
"1469",1,211,"yes",1,12,6,3,1
"1470",1,212,"yes",1,1,6,3,0
"1471",1,212,"yes",1,2,5,3,0
"1472",1,212,"yes",1,3,6,3,0
"1473",1,212,"yes",1,4,5,3,0
"1474",1,212,"yes",1,5,3,-3,0
"1475",1,212,"yes",1,6,5,3,0
"1476",1,212,"yes",1,7,5,3,0
"1477",1,212,"yes",1,8,5,3,0
"1478",1,212,"yes",1,9,5,3,0
"1479",1,212,"yes",1,10,5,3,0
"1480",1,212,"yes",1,11,3,-3,0
"1481",1,212,"yes",1,12,5,3,0
"1482",1,212,"yes",1,13,5,3,0
"1483",1,212,"yes",1,14,5,3,1
"1484",1,213,"yes",1,1,6,2,0
"1485",1,213,"yes",1,2,6,3,0
"1486",1,213,"yes",1,3,5,3,0
"1487",1,213,"yes",1,4,5,3,0
"1488",1,213,"yes",1,5,5,3,0
"1489",1,213,"yes",1,6,5,3,0
"1490",1,213,"yes",1,7,6,3,1
"1491",1,214,"yes",1,1,6,2,0
"1492",1,214,"yes",1,2,6,2,0
"1493",1,214,"yes",1,3,6,2,0
"1494",1,214,"yes",1,4,6,2,0
"1495",1,214,"yes",1,5,5,2,0
"1496",1,214,"yes",1,6,6,2,0
"1497",1,214,"yes",1,7,6,2,1
"1498",1,215,"yes",0,1,6,2,0
"1499",1,215,"yes",0,2,4,0,0
"1500",1,215,"yes",0,3,4,0,0
"1501",1,215,"yes",0,4,4,0,0
"1502",1,215,"yes",0,5,4,0,-1
"1503",1,216,"yes",1,1,6,3,0
"1504",1,216,"yes",1,2,6,3,0
"1505",1,216,"yes",1,3,6,3,0
"1506",1,216,"yes",1,4,6,3,0
"1507",1,216,"yes",1,5,6,3,0
"1508",1,216,"yes",1,6,6,3,0
"1509",1,216,"yes",1,7,6,3,0
"1510",1,216,"yes",1,8,6,3,0
"1511",1,216,"yes",1,9,6,3,0
"1512",1,216,"yes",1,10,6,3,1
"1513",1,217,"yes",1,1,6,3,0
"1514",1,217,"yes",1,2,5,1,0
"1515",1,217,"yes",1,3,5,2,0
"1516",1,217,"yes",1,4,5,1,0
"1517",1,217,"yes",1,5,6,3,0
"1518",1,217,"yes",1,6,6,3,1
"1519",1,218,"yes",0,1,6,3,0
"1520",1,218,"yes",0,2,2,-3,0
"1521",1,218,"yes",0,3,6,3,0
"1522",1,218,"yes",0,4,6,3,0
"1523",1,218,"yes",0,5,6,3,0
"1524",1,218,"yes",0,6,6,3,0
"1525",1,218,"yes",0,7,6,3,0
"1526",1,218,"yes",0,8,5,3,0
"1527",1,218,"yes",0,9,5,3,-1
"1528",1,219,"yes",0,1,6,3,0
"1529",1,219,"yes",0,2,6,1,0
"1530",1,219,"yes",0,3,6,3,0
"1531",1,219,"yes",0,4,6,3,0
"1532",1,219,"yes",0,5,6,2,0
"1533",1,219,"yes",0,6,4,0,0
"1534",1,219,"yes",0,7,6,2,-1
"1535",1,220,"yes",1,1,6,3,0
"1536",1,220,"yes",1,2,6,2,1
"1537",1,221,"yes",1,1,6,3,0
"1538",1,221,"yes",1,2,6,2,0
"1539",1,221,"yes",1,3,6,3,0
"1540",1,221,"yes",1,4,6,3,0
"1541",1,221,"yes",1,5,6,3,0
"1542",1,221,"yes",1,6,6,3,1
"1543",2,1,"no",1,1,3,-3,0
"1544",2,1,"no",1,2,6,2,0
"1545",2,1,"no",1,3,6,3,0
"1546",2,1,"no",1,4,3,-1,0
"1547",2,1,"no",1,5,3,-1,1
"1548",2,2,"no",1,1,2,-3,0
"1549",2,2,"no",1,2,6,3,0
"1550",2,2,"no",1,3,2,-2,0
"1551",2,2,"no",1,4,4,0,0
"1552",2,2,"no",1,5,6,2,1
"1553",2,3,"no",0,1,1,-3,0
"1554",2,3,"no",0,2,1,-3,0
"1555",2,3,"no",0,3,1,-3,0
"1556",2,3,"no",0,4,1,-3,0
"1557",2,3,"no",0,5,7,2,-1
"1558",2,4,"no",1,1,2,-3,0
"1559",2,4,"no",1,2,7,3,0
"1560",2,4,"no",1,3,7,3,0
"1561",2,4,"no",1,4,7,3,0
"1562",2,4,"no",1,5,6,2,0
"1563",2,4,"no",1,6,7,3,1
"1564",2,5,"no",1,1,1,-3,0
"1565",2,5,"no",1,2,2,-3,0
"1566",2,5,"no",1,3,1,-2,0
"1567",2,5,"no",1,4,6,3,0
"1568",2,5,"no",1,5,6,2,0
"1569",2,5,"no",1,6,5,1,1
"1570",2,6,"no",0,1,3,-2,0
"1571",2,6,"no",0,2,7,1,0
"1572",2,6,"no",0,3,6,3,0
"1573",2,6,"no",0,4,6,3,0
"1574",2,6,"no",0,5,7,3,0
"1575",2,6,"no",0,6,5,2,0
"1576",2,6,"no",0,7,7,3,-1
"1577",2,7,"no",0,1,3,-3,0
"1578",2,7,"no",0,2,1,-2,0
"1579",2,7,"no",0,3,2,-3,0
"1580",2,7,"no",0,4,2,-2,0
"1581",2,7,"no",0,5,1,-2,-1
"1582",2,8,"no",1,1,2,-3,0
"1583",2,8,"no",1,2,2,-1,0
"1584",2,8,"no",1,3,5,3,0
"1585",2,8,"no",1,4,4,0,0
"1586",2,8,"no",1,5,3,-2,0
"1587",2,8,"no",1,6,2,-1,1
"1588",2,9,"no",1,1,4,0,0
"1589",2,9,"no",1,2,7,2,0
"1590",2,9,"no",1,3,6,2,0
"1591",2,9,"no",1,4,6,1,0
"1592",2,9,"no",1,5,7,1,0
"1593",2,9,"no",1,6,6,1,0
"1594",2,9,"no",1,7,5,2,0
"1595",2,9,"no",1,8,5,2,0
"1596",2,9,"no",1,9,7,1,1
"1597",2,10,"no",0,1,3,-3,0
"1598",2,10,"no",0,2,6,2,0
"1599",2,10,"no",0,3,1,-2,0
"1600",2,10,"no",0,4,2,-3,0
"1601",2,10,"no",0,5,1,-2,0
"1602",2,10,"no",0,6,4,0,0
"1603",2,10,"no",0,7,2,-2,0
"1604",2,10,"no",0,8,6,1,0
"1605",2,10,"no",0,9,6,2,0
"1606",2,10,"no",0,10,6,1,0
"1607",2,10,"no",0,11,1,-2,0
"1608",2,10,"no",0,12,1,-2,0
"1609",2,10,"no",0,13,1,-3,0
"1610",2,10,"no",0,14,1,-1,-1
"1611",2,11,"no",0,1,1,-3,0
"1612",2,11,"no",0,2,3,-3,-1
"1613",2,12,"no",0,1,2,-3,0
"1614",2,12,"no",0,2,2,-3,0
"1615",2,12,"no",0,3,2,-2,0
"1616",2,12,"no",0,4,2,-1,0
"1617",2,12,"no",0,5,1,-1,0
"1618",2,12,"no",0,6,5,1,0
"1619",2,12,"no",0,7,2,-1,0
"1620",2,12,"no",0,8,2,-2,0
"1621",2,12,"no",0,9,3,-3,0
"1622",2,12,"no",0,10,1,-3,-1
"1623",2,13,"no",1,1,2,-3,0
"1624",2,13,"no",1,2,2,-3,0
"1625",2,13,"no",1,3,2,-2,0
"1626",2,13,"no",1,4,7,1,0
"1627",2,13,"no",1,5,6,1,0
"1628",2,13,"no",1,6,7,2,0
"1629",2,13,"no",1,7,4,0,0
"1630",2,13,"no",1,8,6,3,1
"1631",2,14,"no",1,1,3,-1,0
"1632",2,14,"no",1,2,3,-1,0
"1633",2,14,"no",1,3,5,1,0
"1634",2,14,"no",1,4,5,2,0
"1635",2,14,"no",1,5,5,1,1
"1636",2,15,"no",1,1,3,-3,0
"1637",2,15,"no",1,2,5,2,0
"1638",2,15,"no",1,3,6,1,0
"1639",2,15,"no",1,4,5,2,1
"1640",2,16,"no",1,1,2,-3,0
"1641",2,16,"no",1,2,2,-2,0
"1642",2,16,"no",1,3,2,-3,0
"1643",2,16,"no",1,4,4,0,0
"1644",2,16,"no",1,5,4,0,0
"1645",2,16,"no",1,6,2,-1,0
"1646",2,16,"no",1,7,5,2,1
"1647",2,17,"no",1,1,2,-3,0
"1648",2,17,"no",1,2,7,2,0
"1649",2,17,"no",1,3,6,2,0
"1650",2,17,"no",1,4,6,2,1
"1651",2,18,"no",0,1,3,-3,0
"1652",2,18,"no",0,2,2,-3,0
"1653",2,18,"no",0,3,7,2,0
"1654",2,18,"no",0,4,5,2,0
"1655",2,18,"no",0,5,4,0,-1
"1656",2,19,"no",0,1,3,-3,0
"1657",2,19,"no",0,2,2,-3,0
"1658",2,19,"no",0,3,2,-3,0
"1659",2,19,"no",0,4,2,-3,0
"1660",2,19,"no",0,5,2,-2,0
"1661",2,19,"no",0,6,2,-1,0
"1662",2,19,"no",0,7,3,-2,0
"1663",2,19,"no",0,8,3,-3,0
"1664",2,19,"no",0,9,1,-2,0
"1665",2,19,"no",0,10,2,-3,0
"1666",2,19,"no",0,11,2,-2,0
"1667",2,19,"no",0,12,2,-2,-1
"1668",2,20,"no",0,1,1,-3,0
"1669",2,20,"no",0,2,1,-3,0
"1670",2,20,"no",0,3,1,-3,0
"1671",2,20,"no",0,4,2,-3,0
"1672",2,20,"no",0,5,1,-3,-1
"1673",2,21,"no",0,1,3,-3,0
"1674",2,21,"no",0,2,1,-3,0
"1675",2,21,"no",0,3,1,-3,0
"1676",2,21,"no",0,4,3,-3,0
"1677",2,21,"no",0,5,3,-3,0
"1678",2,21,"no",0,6,3,-3,0
"1679",2,21,"no",0,7,3,-3,-1
"1680",2,22,"no",0,1,1,-3,0
"1681",2,22,"no",0,2,1,-3,0
"1682",2,22,"no",0,3,1,-3,0
"1683",2,22,"no",0,4,1,-1,0
"1684",2,22,"no",0,5,4,0,0
"1685",2,22,"no",0,6,4,0,0
"1686",2,22,"no",0,7,1,-1,0
"1687",2,22,"no",0,8,1,-2,0
"1688",2,22,"no",0,9,7,1,0
"1689",2,22,"no",0,10,4,0,0
"1690",2,22,"no",0,11,1,-2,0
"1691",2,22,"no",0,12,1,-3,0
"1692",2,22,"no",0,13,1,-2,0
"1693",2,22,"no",0,14,1,-1,0
"1694",2,22,"no",0,15,1,-1,-1
"1695",2,23,"no",0,1,3,-3,0
"1696",2,23,"no",0,2,4,0,0
"1697",2,23,"no",0,3,3,-2,0
"1698",2,23,"no",0,4,3,-2,0
"1699",2,23,"no",0,5,3,-3,0
"1700",2,23,"no",0,6,3,-3,-1
"1701",2,24,"no",0,1,2,-3,0
"1702",2,24,"no",0,2,2,-3,0
"1703",2,24,"no",0,3,6,1,-1
"1704",2,25,"no",0,1,2,-3,0
"1705",2,25,"no",0,2,3,-2,0
"1706",2,25,"no",0,3,2,-3,0
"1707",2,25,"no",0,4,2,-3,0
"1708",2,25,"no",0,5,2,-3,0
"1709",2,25,"no",0,6,2,-3,0
"1710",2,25,"no",0,7,1,-3,0
"1711",2,25,"no",0,8,2,-3,-1
"1712",2,26,"no",1,1,3,-3,0
"1713",2,26,"no",1,2,6,3,0
"1714",2,26,"no",1,3,6,3,0
"1715",2,26,"no",1,4,6,3,0
"1716",2,26,"no",1,5,5,3,0
"1717",2,26,"no",1,6,7,3,1
"1718",2,27,"no",1,1,3,-2,0
"1719",2,27,"no",1,2,3,-3,0
"1720",2,27,"no",1,3,5,1,0
"1721",2,27,"no",1,4,6,3,0
"1722",2,27,"no",1,5,6,3,0
"1723",2,27,"no",1,6,6,3,1
"1724",2,28,"no",1,1,2,-2,0
"1725",2,28,"no",1,2,4,0,0
"1726",2,28,"no",1,3,2,-2,0
"1727",2,28,"no",1,4,6,1,0
"1728",2,28,"no",1,5,5,2,1
"1729",2,29,"no",1,1,3,-3,0
"1730",2,29,"no",1,2,3,-1,0
"1731",2,29,"no",1,3,3,-3,0
"1732",2,29,"no",1,4,6,2,0
"1733",2,29,"no",1,5,6,3,0
"1734",2,29,"no",1,6,5,3,1
"1735",2,30,"no",0,1,3,-3,0
"1736",2,30,"no",0,2,5,3,0
"1737",2,30,"no",0,3,3,-3,0
"1738",2,30,"no",0,4,4,0,0
"1739",2,30,"no",0,5,1,-1,0
"1740",2,30,"no",0,6,3,-2,0
"1741",2,30,"no",0,7,4,0,0
"1742",2,30,"no",0,8,6,2,0
"1743",2,30,"no",0,9,3,-3,0
"1744",2,30,"no",0,10,4,0,-1
"1745",2,31,"no",1,1,2,-3,0
"1746",2,31,"no",1,2,6,3,0
"1747",2,31,"no",1,3,1,-1,1
"1748",2,32,"no",1,1,2,-1,0
"1749",2,32,"no",1,2,6,3,0
"1750",2,32,"no",1,3,2,-3,0
"1751",2,32,"no",1,4,4,0,1
"1752",2,33,"no",0,1,3,-3,0
"1753",2,33,"no",0,2,1,-3,0
"1754",2,33,"no",0,3,3,-1,0
"1755",2,33,"no",0,4,4,0,0
"1756",2,33,"no",0,5,1,-1,0
"1757",2,33,"no",0,6,4,0,0
"1758",2,33,"no",0,7,3,-2,0
"1759",2,33,"no",0,8,3,-3,0
"1760",2,33,"no",0,9,3,-3,-1
"1761",2,34,"no",0,1,3,-3,0
"1762",2,34,"no",0,2,3,-1,0
"1763",2,34,"no",0,3,2,-3,0
"1764",2,34,"no",0,4,7,2,-1
"1765",2,35,"no",1,1,1,-3,0
"1766",2,35,"no",1,2,3,-3,0
"1767",2,35,"no",1,3,1,-3,0
"1768",2,35,"no",1,4,2,-3,0
"1769",2,35,"no",1,5,2,-3,0
"1770",2,35,"no",1,6,2,-3,0
"1771",2,35,"no",1,7,2,-3,0
"1772",2,35,"no",1,8,2,-3,0
"1773",2,35,"no",1,9,2,-3,1
"1774",2,36,"no",0,1,2,-3,0
"1775",2,36,"no",0,2,2,-3,0
"1776",2,36,"no",0,3,2,-3,0
"1777",2,36,"no",0,4,1,-3,0
"1778",2,36,"no",0,5,4,0,0
"1779",2,36,"no",0,6,7,1,-1
"1780",2,37,"no",0,1,1,-3,0
"1781",2,37,"no",0,2,1,-3,-1
"1782",2,38,"no",0,1,3,-3,0
"1783",2,38,"no",0,2,3,-3,0
"1784",2,38,"no",0,3,3,-3,0
"1785",2,38,"no",0,4,3,-3,0
"1786",2,38,"no",0,5,3,-2,0
"1787",2,38,"no",0,6,3,-2,-1
"1788",2,39,"no",1,1,2,-2,0
"1789",2,39,"no",1,2,5,3,0
"1790",2,39,"no",1,3,1,-2,0
"1791",2,39,"no",1,4,6,2,0
"1792",2,39,"no",1,5,3,-2,0
"1793",2,39,"no",1,6,1,-2,0
"1794",2,39,"no",1,7,1,-1,0
"1795",2,39,"no",1,8,7,3,1
"1796",2,40,"no",1,1,2,-2,0
"1797",2,40,"no",1,2,7,3,0
"1798",2,40,"no",1,3,6,3,0
"1799",2,40,"no",1,4,3,-1,0
"1800",2,40,"no",1,5,6,2,0
"1801",2,40,"no",1,6,1,-1,1
"1802",2,41,"no",0,1,2,-3,0
"1803",2,41,"no",0,2,2,-3,0
"1804",2,41,"no",0,3,2,-3,0
"1805",2,41,"no",0,4,3,-3,0
"1806",2,41,"no",0,5,3,-3,0
"1807",2,41,"no",0,6,2,-3,-1
"1808",2,42,"no",0,1,2,-1,0
"1809",2,42,"no",0,2,5,3,0
"1810",2,42,"no",0,3,7,2,0
"1811",2,42,"no",0,4,7,2,0
"1812",2,42,"no",0,5,7,2,0
"1813",2,42,"no",0,6,3,-3,0
"1814",2,42,"no",0,7,2,-2,0
"1815",2,42,"no",0,8,5,2,0
"1816",2,42,"no",0,9,1,-3,0
"1817",2,42,"no",0,10,3,-3,-1
"1818",2,43,"no",0,1,2,-2,0
"1819",2,43,"no",0,2,3,-1,0
"1820",2,43,"no",0,3,3,-1,0
"1821",2,43,"no",0,4,3,-1,0
"1822",2,43,"no",0,5,3,-1,0
"1823",2,43,"no",0,6,3,-2,0
"1824",2,43,"no",0,7,2,-2,0
"1825",2,43,"no",0,8,2,-2,-1
"1826",2,44,"no",0,1,3,-3,0
"1827",2,44,"no",0,2,2,-3,0
"1828",2,44,"no",0,3,2,-3,0
"1829",2,44,"no",0,4,2,-2,0
"1830",2,44,"no",0,5,3,-2,0
"1831",2,44,"no",0,6,3,-3,-1
"1832",2,45,"no",0,1,3,-1,0
"1833",2,45,"no",0,2,1,-1,0
"1834",2,45,"no",0,3,4,0,0
"1835",2,45,"no",0,4,1,-1,0
"1836",2,45,"no",0,5,4,0,0
"1837",2,45,"no",0,6,4,0,0
"1838",2,45,"no",0,7,4,0,-1
"1839",2,46,"no",0,1,3,-3,0
"1840",2,46,"no",0,2,1,-3,0
"1841",2,46,"no",0,3,2,-3,0
"1842",2,46,"no",0,4,1,-3,0
"1843",2,46,"no",0,5,1,-3,-1
"1844",2,47,"no",0,1,3,-2,0
"1845",2,47,"no",0,2,6,1,0
"1846",2,47,"no",0,3,3,-1,0
"1847",2,47,"no",0,4,3,-1,0
"1848",2,47,"no",0,5,3,-2,0
"1849",2,47,"no",0,6,3,-1,-1
"1850",2,48,"no",1,1,1,-3,0
"1851",2,48,"no",1,2,1,-1,0
"1852",2,48,"no",1,3,3,-1,0
"1853",2,48,"no",1,4,1,-1,0
"1854",2,48,"no",1,5,7,3,0
"1855",2,48,"no",1,6,3,-3,0
"1856",2,48,"no",1,7,1,-3,0
"1857",2,48,"no",1,8,4,0,0
"1858",2,48,"no",1,9,4,0,0
"1859",2,48,"no",1,10,3,-1,0
"1860",2,48,"no",1,11,6,1,0
"1861",2,48,"no",1,12,3,-2,0
"1862",2,48,"no",1,13,5,2,0
"1863",2,48,"no",1,14,1,-1,0
"1864",2,48,"no",1,15,4,0,0
"1865",2,48,"no",1,16,4,0,0
"1866",2,48,"no",1,17,4,0,0
"1867",2,48,"no",1,18,1,-1,0
"1868",2,48,"no",1,19,4,0,0
"1869",2,48,"no",1,20,4,0,0
"1870",2,48,"no",1,21,4,0,1
"1871",2,49,"no",1,1,1,-1,0
"1872",2,49,"no",1,2,5,2,0
"1873",2,49,"no",1,3,6,3,0
"1874",2,49,"no",1,4,6,3,1
"1875",2,50,"no",0,1,3,-3,0
"1876",2,50,"no",0,2,5,3,0
"1877",2,50,"no",0,3,3,-2,0
"1878",2,50,"no",0,4,3,-2,0
"1879",2,50,"no",0,5,3,-3,0
"1880",2,50,"no",0,6,6,2,-1
"1881",2,51,"no",0,1,3,-3,0
"1882",2,51,"no",0,2,2,-3,0
"1883",2,51,"no",0,3,2,-2,0
"1884",2,51,"no",0,4,1,-3,-1
"1885",2,52,"no",0,1,3,-3,0
"1886",2,52,"no",0,2,2,-1,0
"1887",2,52,"no",0,3,6,1,0
"1888",2,52,"no",0,4,5,1,0
"1889",2,52,"no",0,5,5,3,0
"1890",2,52,"no",0,6,6,2,0
"1891",2,52,"no",0,7,7,1,0
"1892",2,52,"no",0,8,3,-3,0
"1893",2,52,"no",0,9,3,-2,0
"1894",2,52,"no",0,10,3,-3,-1
"1895",2,53,"no",0,1,1,-2,0
"1896",2,53,"no",0,2,7,2,0
"1897",2,53,"no",0,3,7,2,-1
"1898",2,54,"no",0,1,2,-3,0
"1899",2,54,"no",0,2,2,-2,0
"1900",2,54,"no",0,3,3,-1,-1
"1901",2,55,"no",0,1,2,-3,0
"1902",2,55,"no",0,2,3,-3,0
"1903",2,55,"no",0,3,5,2,0
"1904",2,55,"no",0,4,2,-2,0
"1905",2,55,"no",0,5,4,0,0
"1906",2,55,"no",0,6,1,-3,-1
"1907",2,56,"no",0,1,3,-2,0
"1908",2,56,"no",0,2,5,2,0
"1909",2,56,"no",0,3,2,-2,0
"1910",2,56,"no",0,4,3,-1,0
"1911",2,56,"no",0,5,4,0,0
"1912",2,56,"no",0,6,2,-1,0
"1913",2,56,"no",0,7,3,-1,0
"1914",2,56,"no",0,8,4,0,0
"1915",2,56,"no",0,9,6,1,0
"1916",2,56,"no",0,10,2,-2,0
"1917",2,56,"no",0,11,3,-2,0
"1918",2,56,"no",0,12,3,-2,-1
"1919",2,57,"no",1,1,3,-3,0
"1920",2,57,"no",1,2,4,0,0
"1921",2,57,"no",1,3,5,3,0
"1922",2,57,"no",1,4,6,1,0
"1923",2,57,"no",1,5,1,-2,1
"1924",2,58,"no",0,1,1,-3,0
"1925",2,58,"no",0,2,1,-3,0
"1926",2,58,"no",0,3,4,0,0
"1927",2,58,"no",0,4,4,0,0
"1928",2,58,"no",0,5,1,-3,0
"1929",2,58,"no",0,6,1,-3,0
"1930",2,58,"no",0,7,1,-3,0
"1931",2,58,"no",0,8,1,-3,-1
"1932",2,59,"no",1,1,3,-2,0
"1933",2,59,"no",1,2,1,-1,0
"1934",2,59,"no",1,3,1,-1,0
"1935",2,59,"no",1,4,7,2,0
"1936",2,59,"no",1,5,7,2,1
"1937",2,60,"no",1,1,2,-3,0
"1938",2,60,"no",1,2,6,2,0
"1939",2,60,"no",1,3,1,-2,0
"1940",2,60,"no",1,4,6,2,1
"1941",2,61,"no",0,1,3,-3,0
"1942",2,61,"no",0,2,2,-3,0
"1943",2,61,"no",0,3,1,-2,-1
"1944",2,62,"no",1,1,3,-2,0
"1945",2,62,"no",1,2,3,-2,0
"1946",2,62,"no",1,3,3,-1,0
"1947",2,62,"no",1,4,6,2,0
"1948",2,62,"no",1,5,3,-1,1
"1949",2,63,"no",0,1,3,-2,0
"1950",2,63,"no",0,2,1,-1,0
"1951",2,63,"no",0,3,7,1,0
"1952",2,63,"no",0,4,2,-1,-1
"1953",2,64,"no",0,1,1,-3,0
"1954",2,64,"no",0,2,4,0,0
"1955",2,64,"no",0,3,4,0,0
"1956",2,64,"no",0,4,4,0,0
"1957",2,64,"no",0,5,4,0,0
"1958",2,64,"no",0,6,4,0,-1
"1959",2,65,"no",1,1,3,-1,0
"1960",2,65,"no",1,2,6,3,0
"1961",2,65,"no",1,3,6,2,0
"1962",2,65,"no",1,4,5,3,0
"1963",2,65,"no",1,5,6,1,0
"1964",2,65,"no",1,6,6,2,0
"1965",2,65,"no",1,7,6,2,0
"1966",2,65,"no",1,8,5,3,1
"1967",2,66,"no",0,1,2,-3,0
"1968",2,66,"no",0,2,2,-3,0
"1969",2,66,"no",0,3,1,-3,0
"1970",2,66,"no",0,4,1,-3,-1
"1971",2,67,"no",1,1,1,-3,0
"1972",2,67,"no",1,2,1,-3,0
"1973",2,67,"no",1,3,3,-3,0
"1974",2,67,"no",1,4,3,-3,0
"1975",2,67,"no",1,5,2,-3,0
"1976",2,67,"no",1,6,2,-3,0
"1977",2,67,"no",1,7,3,-3,0
"1978",2,67,"no",1,8,3,-3,0
"1979",2,67,"no",1,9,5,2,0
"1980",2,67,"no",1,10,5,2,0
"1981",2,67,"no",1,11,5,2,0
"1982",2,67,"no",1,12,7,2,0
"1983",2,67,"no",1,13,5,2,0
"1984",2,67,"no",1,14,3,-3,0
"1985",2,67,"no",1,15,3,-3,0
"1986",2,67,"no",1,16,2,-3,0
"1987",2,67,"no",1,17,3,-3,0
"1988",2,67,"no",1,18,3,-3,0
"1989",2,67,"no",1,19,3,-3,0
"1990",2,67,"no",1,20,3,-3,0
"1991",2,67,"no",1,21,5,1,1
"1992",2,68,"no",0,1,2,-3,0
"1993",2,68,"no",0,2,3,-3,0
"1994",2,68,"no",0,3,6,1,0
"1995",2,68,"no",0,4,3,-2,0
"1996",2,68,"no",0,5,2,-3,0
"1997",2,68,"no",0,6,3,-1,-1
"1998",2,69,"no",0,1,3,-3,0
"1999",2,69,"no",0,2,1,-3,0
"2000",2,69,"no",0,3,2,-2,0
"2001",2,69,"no",0,4,3,-1,0
"2002",2,69,"no",0,5,2,-2,0
"2003",2,69,"no",0,6,2,-2,0
"2004",2,69,"no",0,7,2,-3,0
"2005",2,69,"no",0,8,2,-3,0
"2006",2,69,"no",0,9,4,0,0
"2007",2,69,"no",0,10,4,0,0
"2008",2,69,"no",0,11,4,0,0
"2009",2,69,"no",0,12,4,0,0
"2010",2,69,"no",0,13,2,-1,-1
"2011",2,70,"no",1,1,1,-2,0
"2012",2,70,"no",1,2,4,0,0
"2013",2,70,"no",1,3,4,0,1
"2014",2,71,"no",1,1,3,-2,0
"2015",2,71,"no",1,2,6,3,0
"2016",2,71,"no",1,3,2,-1,0
"2017",2,71,"no",1,4,3,-1,0
"2018",2,71,"no",1,5,6,1,1
"2019",2,72,"no",0,1,3,-3,0
"2020",2,72,"no",0,2,2,-3,0
"2021",2,72,"no",0,3,3,-3,0
"2022",2,72,"no",0,4,3,-3,0
"2023",2,72,"no",0,5,3,-2,-1
"2024",2,73,"no",0,1,3,-3,0
"2025",2,73,"no",0,2,3,-3,0
"2026",2,73,"no",0,3,2,-3,0
"2027",2,73,"no",0,4,2,-3,0
"2028",2,73,"no",0,5,2,-3,0
"2029",2,73,"no",0,6,1,-3,0
"2030",2,73,"no",0,7,1,-3,0
"2031",2,73,"no",0,8,1,-3,0
"2032",2,73,"no",0,9,2,-3,0
"2033",2,73,"no",0,10,2,-3,0
"2034",2,73,"no",0,11,1,-3,0
"2035",2,73,"no",0,12,1,-3,-1
"2036",2,74,"no",0,1,1,-2,0
"2037",2,74,"no",0,2,1,-1,0
"2038",2,74,"no",0,3,1,-2,0
"2039",2,74,"no",0,4,3,-2,0
"2040",2,74,"no",0,5,1,-2,-1
"2041",2,75,"no",1,1,2,-2,0
"2042",2,75,"no",1,2,5,3,0
"2043",2,75,"no",1,3,2,-3,0
"2044",2,75,"no",1,4,2,-3,0
"2045",2,75,"no",1,5,2,-3,0
"2046",2,75,"no",1,6,2,-2,0
"2047",2,75,"no",1,7,5,3,0
"2048",2,75,"no",1,8,6,2,0
"2049",2,75,"no",1,9,4,0,0
"2050",2,75,"no",1,10,4,0,1
"2051",2,76,"no",0,1,3,-1,0
"2052",2,76,"no",0,2,1,-1,0
"2053",2,76,"no",0,3,4,0,0
"2054",2,76,"no",0,4,1,-2,-1
"2055",2,77,"no",1,1,1,-2,0
"2056",2,77,"no",1,2,7,2,0
"2057",2,77,"no",1,3,6,2,0
"2058",2,77,"no",1,4,7,2,0
"2059",2,77,"no",1,5,6,3,1
"2060",2,78,"no",1,1,2,-3,0
"2061",2,78,"no",1,2,6,1,0
"2062",2,78,"no",1,3,5,3,0
"2063",2,78,"no",1,4,2,-2,0
"2064",2,78,"no",1,5,3,-1,1
"2065",2,79,"no",0,1,1,-3,0
"2066",2,79,"no",0,2,1,-2,-1
"2067",2,80,"no",1,1,3,-3,0
"2068",2,80,"no",1,2,4,0,0
"2069",2,80,"no",1,3,6,2,0
"2070",2,80,"no",1,4,5,1,0
"2071",2,80,"no",1,5,7,3,1
"2072",2,81,"no",0,1,3,-3,0
"2073",2,81,"no",0,2,3,-2,0
"2074",2,81,"no",0,3,3,-2,0
"2075",2,81,"no",0,4,2,-2,0
"2076",2,81,"no",0,5,2,-2,0
"2077",2,81,"no",0,6,1,-2,-1
"2078",2,82,"no",0,1,3,-2,0
"2079",2,82,"no",0,2,1,-2,0
"2080",2,82,"no",0,3,2,-3,0
"2081",2,82,"no",0,4,6,1,0
"2082",2,82,"no",0,5,3,-3,0
"2083",2,82,"no",0,6,3,-3,0
"2084",2,82,"no",0,7,3,-3,0
"2085",2,82,"no",0,8,5,1,0
"2086",2,82,"no",0,9,3,-3,0
"2087",2,82,"no",0,10,2,-3,0
"2088",2,82,"no",0,11,3,-3,-1
"2089",2,83,"no",0,1,3,-3,0
"2090",2,83,"no",0,2,3,-3,0
"2091",2,83,"no",0,3,3,-2,-1
"2092",2,84,"no",0,1,3,-3,0
"2093",2,84,"no",0,2,1,-3,0
"2094",2,84,"no",0,3,1,-3,0
"2095",2,84,"no",0,4,1,-3,-1
"2096",2,85,"no",1,1,3,-2,0
"2097",2,85,"no",1,2,2,-2,0
"2098",2,85,"no",1,3,2,-2,0
"2099",2,85,"no",1,4,3,-1,0
"2100",2,85,"no",1,5,2,-2,0
"2101",2,85,"no",1,6,1,-2,0
"2102",2,85,"no",1,7,4,0,1
"2103",2,86,"no",1,1,2,-2,0
"2104",2,86,"no",1,2,3,-3,0
"2105",2,86,"no",1,3,5,1,0
"2106",2,86,"no",1,4,7,2,0
"2107",2,86,"no",1,5,6,3,0
"2108",2,86,"no",1,6,7,1,0
"2109",2,86,"no",1,7,3,-2,0
"2110",2,86,"no",1,8,5,2,0
"2111",2,86,"no",1,9,6,2,1
"2112",2,87,"no",0,1,3,-3,0
"2113",2,87,"no",0,2,2,-3,0
"2114",2,87,"no",0,3,2,-2,0
"2115",2,87,"no",0,4,3,-1,0
"2116",2,87,"no",0,5,2,-2,0
"2117",2,87,"no",0,6,2,-3,0
"2118",2,87,"no",0,7,3,-2,0
"2119",2,87,"no",0,8,1,-1,0
"2120",2,87,"no",0,9,4,0,0
"2121",2,87,"no",0,10,4,0,0
"2122",2,87,"no",0,11,3,-2,-1
"2123",2,88,"no",0,1,3,-2,0
"2124",2,88,"no",0,2,2,-2,0
"2125",2,88,"no",0,3,3,-3,0
"2126",2,88,"no",0,4,3,-3,0
"2127",2,88,"no",0,5,3,-2,0
"2128",2,88,"no",0,6,3,-2,0
"2129",2,88,"no",0,7,3,-1,-1
"2130",2,89,"no",0,1,2,-3,0
"2131",2,89,"no",0,2,2,-3,0
"2132",2,89,"no",0,3,3,-2,0
"2133",2,89,"no",0,4,3,-2,0
"2134",2,89,"no",0,5,2,-3,0
"2135",2,89,"no",0,6,3,-2,-1
"2136",2,90,"no",0,1,3,-3,0
"2137",2,90,"no",0,2,2,-3,0
"2138",2,90,"no",0,3,3,-3,0
"2139",2,90,"no",0,4,3,-3,-1
"2140",2,91,"no",0,1,3,-3,0
"2141",2,91,"no",0,2,7,1,0
"2142",2,91,"no",0,3,1,-2,0
"2143",2,91,"no",0,4,1,-3,-1
"2144",2,92,"no",1,1,3,-2,0
"2145",2,92,"no",1,2,2,-3,0
"2146",2,92,"no",1,3,6,2,0
"2147",2,92,"no",1,4,6,3,0
"2148",2,92,"no",1,5,2,-2,1
"2149",2,93,"no",0,1,1,-3,0
"2150",2,93,"no",0,2,2,-3,0
"2151",2,93,"no",0,3,2,-3,0
"2152",2,93,"no",0,4,2,-3,0
"2153",2,93,"no",0,5,1,-3,0
"2154",2,93,"no",0,6,1,-1,0
"2155",2,93,"no",0,7,7,1,0
"2156",2,93,"no",0,8,7,1,0
"2157",2,93,"no",0,9,7,2,0
"2158",2,93,"no",0,10,6,2,-1
"2159",2,94,"no",1,1,3,-3,0
"2160",2,94,"no",1,2,3,-3,0
"2161",2,94,"no",1,3,5,3,0
"2162",2,94,"no",1,4,5,3,0
"2163",2,94,"no",1,5,3,-3,0
"2164",2,94,"no",1,6,3,-3,0
"2165",2,94,"no",1,7,5,2,0
"2166",2,94,"no",1,8,5,2,0
"2167",2,94,"no",1,9,5,3,0
"2168",2,94,"no",1,10,5,2,0
"2169",2,94,"no",1,11,5,2,0
"2170",2,94,"no",1,12,5,1,0
"2171",2,94,"no",1,13,6,2,0
"2172",2,94,"no",1,14,5,2,0
"2173",2,94,"no",1,15,5,1,0
"2174",2,94,"no",1,16,5,3,1
"2175",2,95,"no",1,1,2,-3,0
"2176",2,95,"no",1,2,2,-3,0
"2177",2,95,"no",1,3,3,-3,0
"2178",2,95,"no",1,4,4,0,0
"2179",2,95,"no",1,5,4,0,0
"2180",2,95,"no",1,6,4,0,0
"2181",2,95,"no",1,7,6,1,0
"2182",2,95,"no",1,8,6,2,0
"2183",2,95,"no",1,9,5,3,0
"2184",2,95,"no",1,10,5,3,0
"2185",2,95,"no",1,11,5,2,0
"2186",2,95,"no",1,12,7,3,0
"2187",2,95,"no",1,13,4,0,1
"2188",2,96,"no",0,1,3,-1,0
"2189",2,96,"no",0,2,2,-3,0
"2190",2,96,"no",0,3,1,-2,0
"2191",2,96,"no",0,4,4,0,0
"2192",2,96,"no",0,5,4,0,0
"2193",2,96,"no",0,6,7,1,0
"2194",2,96,"no",0,7,6,1,0
"2195",2,96,"no",0,8,3,-3,0
"2196",2,96,"no",0,9,7,1,0
"2197",2,96,"no",0,10,1,-3,-1
"2198",2,97,"no",0,1,3,-3,0
"2199",2,97,"no",0,2,5,2,0
"2200",2,97,"no",0,3,2,-3,0
"2201",2,97,"no",0,4,2,-2,0
"2202",2,97,"no",0,5,2,-2,0
"2203",2,97,"no",0,6,2,-3,0
"2204",2,97,"no",0,7,6,2,-1
"2205",2,98,"no",0,1,3,-3,0
"2206",2,98,"no",0,2,3,-2,0
"2207",2,98,"no",0,3,6,1,0
"2208",2,98,"no",0,4,6,2,0
"2209",2,98,"no",0,5,5,2,0
"2210",2,98,"no",0,6,5,2,0
"2211",2,98,"no",0,7,3,-3,0
"2212",2,98,"no",0,8,5,2,0
"2213",2,98,"no",0,9,3,-2,0
"2214",2,98,"no",0,10,3,-3,-1
"2215",2,99,"no",1,1,3,-1,0
"2216",2,99,"no",1,2,5,3,0
"2217",2,99,"no",1,3,5,2,0
"2218",2,99,"no",1,4,6,3,0
"2219",2,99,"no",1,5,3,-1,0
"2220",2,99,"no",1,6,4,0,1
"2221",2,100,"no",0,1,3,-3,0
"2222",2,100,"no",0,2,6,3,0
"2223",2,100,"no",0,3,3,-3,-1
"2224",2,101,"no",1,1,3,-1,0
"2225",2,101,"no",1,2,4,0,0
"2226",2,101,"no",1,3,3,-1,0
"2227",2,101,"no",1,4,3,-2,0
"2228",2,101,"no",1,5,6,1,0
"2229",2,101,"no",1,6,3,-1,0
"2230",2,101,"no",1,7,5,2,0
"2231",2,101,"no",1,8,6,3,0
"2232",2,101,"no",1,9,6,3,0
"2233",2,101,"no",1,10,5,3,0
"2234",2,101,"no",1,11,6,3,1
"2235",2,102,"no",0,1,2,-3,0
"2236",2,102,"no",0,2,6,2,0
"2237",2,102,"no",0,3,6,2,0
"2238",2,102,"no",0,4,2,-3,0
"2239",2,102,"no",0,5,3,-3,0
"2240",2,102,"no",0,6,6,1,-1
"2241",2,103,"no",1,1,3,-3,0
"2242",2,103,"no",1,2,5,2,0
"2243",2,103,"no",1,3,5,2,0
"2244",2,103,"no",1,4,3,-2,0
"2245",2,103,"no",1,5,3,-3,1
"2246",2,104,"no",0,1,4,0,0
"2247",2,104,"no",0,2,4,0,0
"2248",2,104,"no",0,3,4,0,-1
"2249",2,105,"no",0,1,3,-3,0
"2250",2,105,"no",0,2,3,-3,0
"2251",2,105,"no",0,3,3,-3,-1
"2252",2,106,"no",0,1,2,-3,0
"2253",2,106,"no",0,2,1,-3,0
"2254",2,106,"no",0,3,2,-3,0
"2255",2,106,"no",0,4,3,-3,0
"2256",2,106,"no",0,5,3,-3,0
"2257",2,106,"no",0,6,2,-3,-1
"2258",2,107,"yes",1,1,5,3,0
"2259",2,107,"yes",1,2,6,2,0
"2260",2,107,"yes",1,3,3,-3,0
"2261",2,107,"yes",1,4,3,-1,0
"2262",2,107,"yes",1,5,1,-2,0
"2263",2,107,"yes",1,6,4,0,0
"2264",2,107,"yes",1,7,6,1,0
"2265",2,107,"yes",1,8,6,3,1
"2266",2,108,"yes",1,1,7,3,0
"2267",2,108,"yes",1,2,2,-2,0
"2268",2,108,"yes",1,3,3,-1,0
"2269",2,108,"yes",1,4,6,2,0
"2270",2,108,"yes",1,5,5,2,0
"2271",2,108,"yes",1,6,2,-2,1
"2272",2,109,"yes",1,1,7,2,0
"2273",2,109,"yes",1,2,6,2,0
"2274",2,109,"yes",1,3,4,0,0
"2275",2,109,"yes",1,4,1,-2,0
"2276",2,109,"yes",1,5,1,-2,1
"2277",2,110,"yes",1,1,7,3,0
"2278",2,110,"yes",1,2,7,3,0
"2279",2,110,"yes",1,3,6,3,1
"2280",2,111,"yes",1,1,5,3,0
"2281",2,111,"yes",1,2,5,3,0
"2282",2,111,"yes",1,3,5,3,0
"2283",2,111,"yes",1,4,7,3,0
"2284",2,111,"yes",1,5,7,1,0
"2285",2,111,"yes",1,6,7,1,1
"2286",2,112,"yes",1,1,5,2,0
"2287",2,112,"yes",1,2,5,1,0
"2288",2,112,"yes",1,3,7,1,1
"2289",2,113,"yes",1,1,7,3,0
"2290",2,113,"yes",1,2,4,0,0
"2291",2,113,"yes",1,3,5,1,0
"2292",2,113,"yes",1,4,5,2,0
"2293",2,113,"yes",1,5,5,2,1
"2294",2,114,"yes",1,1,7,2,0
"2295",2,114,"yes",1,2,2,-2,0
"2296",2,114,"yes",1,3,2,-2,0
"2297",2,114,"yes",1,4,7,2,0
"2298",2,114,"yes",1,5,6,2,0
"2299",2,114,"yes",1,6,6,3,0
"2300",2,114,"yes",1,7,6,3,0
"2301",2,114,"yes",1,8,6,2,1
"2302",2,115,"yes",1,1,5,3,0
"2303",2,115,"yes",1,2,1,-2,0
"2304",2,115,"yes",1,3,3,-1,0
"2305",2,115,"yes",1,4,2,-1,0
"2306",2,115,"yes",1,5,2,-1,0
"2307",2,115,"yes",1,6,5,2,0
"2308",2,115,"yes",1,7,6,3,1
"2309",2,116,"yes",0,1,6,1,0
"2310",2,116,"yes",0,2,1,-1,0
"2311",2,116,"yes",0,3,3,-2,-1
"2312",2,117,"yes",1,1,5,2,0
"2313",2,117,"yes",1,2,3,-1,0
"2314",2,117,"yes",1,3,4,0,0
"2315",2,117,"yes",1,4,6,3,0
"2316",2,117,"yes",1,5,2,-3,0
"2317",2,117,"yes",1,6,2,-3,0
"2318",2,117,"yes",1,7,5,2,1
"2319",2,118,"yes",1,1,5,3,0
"2320",2,118,"yes",1,2,5,3,0
"2321",2,118,"yes",1,3,6,3,0
"2322",2,118,"yes",1,4,5,3,1
"2323",2,119,"yes",0,1,5,2,0
"2324",2,119,"yes",0,2,3,-1,0
"2325",2,119,"yes",0,3,2,-2,0
"2326",2,119,"yes",0,4,2,-3,0
"2327",2,119,"yes",0,5,3,-3,-1
"2328",2,120,"yes",0,1,6,2,0
"2329",2,120,"yes",0,2,6,2,0
"2330",2,120,"yes",0,3,1,-2,0
"2331",2,120,"yes",0,4,1,-3,0
"2332",2,120,"yes",0,5,7,1,-1
"2333",2,121,"yes",1,1,6,2,0
"2334",2,121,"yes",1,2,6,1,0
"2335",2,121,"yes",1,3,6,1,0
"2336",2,121,"yes",1,4,3,-2,0
"2337",2,121,"yes",1,5,5,3,0
"2338",2,121,"yes",1,6,3,-1,0
"2339",2,121,"yes",1,7,3,-1,0
"2340",2,121,"yes",1,8,3,-3,0
"2341",2,121,"yes",1,9,5,1,1
"2342",2,122,"yes",1,1,5,2,0
"2343",2,122,"yes",1,2,2,-3,0
"2344",2,122,"yes",1,3,6,2,0
"2345",2,122,"yes",1,4,7,1,1
"2346",2,123,"yes",0,1,7,2,0
"2347",2,123,"yes",0,2,5,3,0
"2348",2,123,"yes",0,3,5,2,0
"2349",2,123,"yes",0,4,6,3,0
"2350",2,123,"yes",0,5,5,2,-1
"2351",2,124,"yes",1,1,5,3,0
"2352",2,124,"yes",1,2,6,3,0
"2353",2,124,"yes",1,3,6,3,0
"2354",2,124,"yes",1,4,6,3,0
"2355",2,124,"yes",1,5,6,3,0
"2356",2,124,"yes",1,6,5,3,1
"2357",2,125,"yes",1,1,5,3,0
"2358",2,125,"yes",1,2,5,1,0
"2359",2,125,"yes",1,3,3,-3,0
"2360",2,125,"yes",1,4,2,-1,0
"2361",2,125,"yes",1,5,5,2,0
"2362",2,125,"yes",1,6,3,-2,0
"2363",2,125,"yes",1,7,3,-1,0
"2364",2,125,"yes",1,8,6,2,1
"2365",2,126,"yes",1,1,7,2,0
"2366",2,126,"yes",1,2,7,3,0
"2367",2,126,"yes",1,3,6,3,0
"2368",2,126,"yes",1,4,2,-3,0
"2369",2,126,"yes",1,5,7,2,0
"2370",2,126,"yes",1,6,1,-2,1
"2371",2,127,"yes",0,1,5,3,0
"2372",2,127,"yes",0,2,2,-3,0
"2373",2,127,"yes",0,3,2,-3,0
"2374",2,127,"yes",0,4,4,0,0
"2375",2,127,"yes",0,5,3,-2,0
"2376",2,127,"yes",0,6,3,-2,0
"2377",2,127,"yes",0,7,4,0,0
"2378",2,127,"yes",0,8,3,-1,-1
"2379",2,128,"yes",0,1,5,1,0
"2380",2,128,"yes",0,2,7,1,0
"2381",2,128,"yes",0,3,1,-1,-1
"2382",2,129,"yes",1,1,5,3,0
"2383",2,129,"yes",1,2,5,2,0
"2384",2,129,"yes",1,3,7,3,0
"2385",2,129,"yes",1,4,6,3,0
"2386",2,129,"yes",1,5,6,3,0
"2387",2,129,"yes",1,6,7,3,1
"2388",2,130,"yes",1,1,6,3,0
"2389",2,130,"yes",1,2,5,3,0
"2390",2,130,"yes",1,3,5,3,1
"2391",2,131,"yes",1,1,7,3,0
"2392",2,131,"yes",1,2,6,3,0
"2393",2,131,"yes",1,3,5,3,0
"2394",2,131,"yes",1,4,5,3,0
"2395",2,131,"yes",1,5,6,3,0
"2396",2,131,"yes",1,6,6,3,1
"2397",2,132,"yes",0,1,7,2,0
"2398",2,132,"yes",0,2,7,1,0
"2399",2,132,"yes",0,3,7,1,0
"2400",2,132,"yes",0,4,5,3,0
"2401",2,132,"yes",0,5,7,2,0
"2402",2,132,"yes",0,6,4,0,0
"2403",2,132,"yes",0,7,3,-2,0
"2404",2,132,"yes",0,8,6,1,-1
"2405",2,133,"yes",1,1,5,3,0
"2406",2,133,"yes",1,2,4,0,0
"2407",2,133,"yes",1,3,5,2,0
"2408",2,133,"yes",1,4,1,-3,0
"2409",2,133,"yes",1,5,4,0,0
"2410",2,133,"yes",1,6,4,0,0
"2411",2,133,"yes",1,7,5,1,1
"2412",2,134,"yes",1,1,5,2,0
"2413",2,134,"yes",1,2,5,2,0
"2414",2,134,"yes",1,3,5,3,0
"2415",2,134,"yes",1,4,5,2,0
"2416",2,134,"yes",1,5,5,2,1
"2417",2,135,"yes",1,1,5,1,0
"2418",2,135,"yes",1,2,5,1,0
"2419",2,135,"yes",1,3,6,1,0
"2420",2,135,"yes",1,4,7,2,0
"2421",2,135,"yes",1,5,3,-2,0
"2422",2,135,"yes",1,6,7,1,0
"2423",2,135,"yes",1,7,3,-1,0
"2424",2,135,"yes",1,8,7,2,0
"2425",2,135,"yes",1,9,6,1,1
"2426",2,136,"yes",1,1,7,3,0
"2427",2,136,"yes",1,2,6,3,0
"2428",2,136,"yes",1,3,5,3,1
"2429",2,137,"yes",1,1,7,2,0
"2430",2,137,"yes",1,2,2,-1,0
"2431",2,137,"yes",1,3,3,-2,0
"2432",2,137,"yes",1,4,6,2,0
"2433",2,137,"yes",1,5,6,2,0
"2434",2,137,"yes",1,6,6,3,1
"2435",2,138,"yes",1,1,6,3,0
"2436",2,138,"yes",1,2,5,2,0
"2437",2,138,"yes",1,3,5,1,0
"2438",2,138,"yes",1,4,5,1,1
"2439",2,139,"yes",0,1,6,1,0
"2440",2,139,"yes",0,2,3,-3,0
"2441",2,139,"yes",0,3,3,-3,0
"2442",2,139,"yes",0,4,3,-3,-1
"2443",2,140,"yes",1,1,6,3,0
"2444",2,140,"yes",1,2,1,-3,0
"2445",2,140,"yes",1,3,1,-1,0
"2446",2,140,"yes",1,4,1,-1,0
"2447",2,140,"yes",1,5,6,2,1
"2448",2,141,"yes",1,1,7,2,0
"2449",2,141,"yes",1,2,4,0,0
"2450",2,141,"yes",1,3,4,0,0
"2451",2,141,"yes",1,4,5,2,0
"2452",2,141,"yes",1,5,6,2,0
"2453",2,141,"yes",1,6,6,2,0
"2454",2,141,"yes",1,7,3,-2,0
"2455",2,141,"yes",1,8,5,1,1
"2456",2,142,"yes",1,1,7,2,0
"2457",2,142,"yes",1,2,7,2,0
"2458",2,142,"yes",1,3,1,-3,0
"2459",2,142,"yes",1,4,7,2,0
"2460",2,142,"yes",1,5,4,0,0
"2461",2,142,"yes",1,6,4,0,0
"2462",2,142,"yes",1,7,4,0,0
"2463",2,142,"yes",1,8,7,2,0
"2464",2,142,"yes",1,9,7,2,0
"2465",2,142,"yes",1,10,6,2,1
"2466",2,143,"yes",1,1,5,3,0
"2467",2,143,"yes",1,2,4,0,0
"2468",2,143,"yes",1,3,4,0,0
"2469",2,143,"yes",1,4,1,-1,0
"2470",2,143,"yes",1,5,2,-1,0
"2471",2,143,"yes",1,6,7,1,0
"2472",2,143,"yes",1,7,4,0,0
"2473",2,143,"yes",1,8,2,-2,1
"2474",2,144,"yes",0,1,4,0,0
"2475",2,144,"yes",0,2,4,0,0
"2476",2,144,"yes",0,3,4,0,-1
"2477",2,145,"yes",0,1,5,2,0
"2478",2,145,"yes",0,2,7,2,0
"2479",2,145,"yes",0,3,7,2,-1
"2480",2,146,"yes",1,1,5,2,0
"2481",2,146,"yes",1,2,5,3,0
"2482",2,146,"yes",1,3,5,3,0
"2483",2,146,"yes",1,4,6,2,1
"2484",2,147,"yes",1,1,5,2,0
"2485",2,147,"yes",1,2,5,2,0
"2486",2,147,"yes",1,3,7,3,0
"2487",2,147,"yes",1,4,4,0,1
"2488",2,148,"yes",1,1,5,3,0
"2489",2,148,"yes",1,2,5,3,0
"2490",2,148,"yes",1,3,4,0,0
"2491",2,148,"yes",1,4,3,-1,1
"2492",2,149,"yes",1,1,5,2,0
"2493",2,149,"yes",1,2,7,1,0
"2494",2,149,"yes",1,3,7,1,0
"2495",2,149,"yes",1,4,5,2,1
"2496",2,150,"yes",0,1,6,2,0
"2497",2,150,"yes",0,2,1,-2,0
"2498",2,150,"yes",0,3,3,-2,0
"2499",2,150,"yes",0,4,3,-3,0
"2500",2,150,"yes",0,5,3,-2,0
"2501",2,150,"yes",0,6,2,-3,0
"2502",2,150,"yes",0,7,2,-2,0
"2503",2,150,"yes",0,8,5,2,0
"2504",2,150,"yes",0,9,3,-3,0
"2505",2,150,"yes",0,10,5,1,0
"2506",2,150,"yes",0,11,5,1,-1
"2507",2,151,"yes",0,1,5,2,0
"2508",2,151,"yes",0,2,2,-3,0
"2509",2,151,"yes",0,3,2,-2,0
"2510",2,151,"yes",0,4,6,1,0
"2511",2,151,"yes",0,5,5,1,0
"2512",2,151,"yes",0,6,2,-2,-1
"2513",2,152,"yes",0,1,5,3,0
"2514",2,152,"yes",0,2,5,2,0
"2515",2,152,"yes",0,3,6,3,0
"2516",2,152,"yes",0,4,6,2,0
"2517",2,152,"yes",0,5,5,1,0
"2518",2,152,"yes",0,6,6,1,0
"2519",2,152,"yes",0,7,5,1,0
"2520",2,152,"yes",0,8,4,0,0
"2521",2,152,"yes",0,9,7,2,-1
"2522",2,153,"yes",1,1,5,1,0
"2523",2,153,"yes",1,2,5,2,1
"2524",2,154,"yes",1,1,7,2,0
"2525",2,154,"yes",1,2,6,1,0
"2526",2,154,"yes",1,3,4,0,0
"2527",2,154,"yes",1,4,2,-3,1
"2528",2,155,"yes",1,1,6,3,0
"2529",2,155,"yes",1,2,5,2,0
"2530",2,155,"yes",1,3,6,3,0
"2531",2,155,"yes",1,4,4,0,1
"2532",2,156,"yes",0,1,7,2,0
"2533",2,156,"yes",0,2,1,-2,0
"2534",2,156,"yes",0,3,1,-3,0
"2535",2,156,"yes",0,4,3,-3,0
"2536",2,156,"yes",0,5,2,-3,-1
"2537",2,157,"yes",1,1,7,2,0
"2538",2,157,"yes",1,2,7,2,0
"2539",2,157,"yes",1,3,7,2,0
"2540",2,157,"yes",1,4,2,-3,1
"2541",2,158,"yes",1,1,5,3,0
"2542",2,158,"yes",1,2,5,2,0
"2543",2,158,"yes",1,3,5,2,0
"2544",2,158,"yes",1,4,4,0,1
"2545",2,159,"yes",1,1,5,3,0
"2546",2,159,"yes",1,2,1,-1,0
"2547",2,159,"yes",1,3,7,3,0
"2548",2,159,"yes",1,4,6,1,0
"2549",2,159,"yes",1,5,7,1,1
"2550",2,160,"yes",1,1,5,3,0
"2551",2,160,"yes",1,2,5,1,0
"2552",2,160,"yes",1,3,5,1,0
"2553",2,160,"yes",1,4,5,1,0
"2554",2,160,"yes",1,5,4,0,1
"2555",2,161,"yes",0,1,6,2,0
"2556",2,161,"yes",0,2,4,0,0
"2557",2,161,"yes",0,3,3,-3,0
"2558",2,161,"yes",0,4,3,-3,0
"2559",2,161,"yes",0,5,3,-3,0
"2560",2,161,"yes",0,6,5,3,0
"2561",2,161,"yes",0,7,3,-3,-1
"2562",2,162,"yes",0,1,7,2,0
"2563",2,162,"yes",0,2,1,-2,0
"2564",2,162,"yes",0,3,7,1,0
"2565",2,162,"yes",0,4,1,-1,0
"2566",2,162,"yes",0,5,1,-1,0
"2567",2,162,"yes",0,6,1,-2,0
"2568",2,162,"yes",0,7,1,-2,0
"2569",2,162,"yes",0,8,1,-3,-1
"2570",2,163,"yes",1,1,5,3,0
"2571",2,163,"yes",1,2,5,2,0
"2572",2,163,"yes",1,3,2,-2,0
"2573",2,163,"yes",1,4,5,2,0
"2574",2,163,"yes",1,5,4,0,0
"2575",2,163,"yes",1,6,3,-2,0
"2576",2,163,"yes",1,7,4,0,0
"2577",2,163,"yes",1,8,5,3,1
"2578",2,164,"yes",0,1,4,0,0
"2579",2,164,"yes",0,2,1,-3,0
"2580",2,164,"yes",0,3,1,-3,0
"2581",2,164,"yes",0,4,1,-3,0
"2582",2,164,"yes",0,5,1,-3,0
"2583",2,164,"yes",0,6,1,-3,-1
"2584",2,165,"yes",1,1,5,2,0
"2585",2,165,"yes",1,2,6,2,0
"2586",2,165,"yes",1,3,6,3,0
"2587",2,165,"yes",1,4,7,3,0
"2588",2,165,"yes",1,5,5,2,1
"2589",2,166,"yes",1,1,5,3,0
"2590",2,166,"yes",1,2,6,1,0
"2591",2,166,"yes",1,3,6,1,0
"2592",2,166,"yes",1,4,5,2,1
"2593",2,167,"yes",1,1,5,3,0
"2594",2,167,"yes",1,2,3,-2,0
"2595",2,167,"yes",1,3,5,1,0
"2596",2,167,"yes",1,4,4,0,0
"2597",2,167,"yes",1,5,4,0,0
"2598",2,167,"yes",1,6,4,0,1
"2599",2,168,"yes",1,1,6,3,0
"2600",2,168,"yes",1,2,6,3,0
"2601",2,168,"yes",1,3,7,3,0
"2602",2,168,"yes",1,4,5,3,0
"2603",2,168,"yes",1,5,6,3,1
"2604",2,169,"yes",0,1,5,2,0
"2605",2,169,"yes",0,2,6,1,0
"2606",2,169,"yes",0,3,6,2,0
"2607",2,169,"yes",0,4,5,2,-1
"2608",2,170,"yes",1,1,6,3,0
"2609",2,170,"yes",1,2,7,1,0
"2610",2,170,"yes",1,3,4,0,0
"2611",2,170,"yes",1,4,1,-1,0
"2612",2,170,"yes",1,5,6,3,0
"2613",2,170,"yes",1,6,6,2,0
"2614",2,170,"yes",1,7,1,-2,1
"2615",2,171,"yes",1,1,7,3,0
"2616",2,171,"yes",1,2,5,3,0
"2617",2,171,"yes",1,3,5,2,0
"2618",2,171,"yes",1,4,2,-1,0
"2619",2,171,"yes",1,5,3,-1,0
"2620",2,171,"yes",1,6,3,-2,0
"2621",2,171,"yes",1,7,2,-1,0
"2622",2,171,"yes",1,8,5,2,0
"2623",2,171,"yes",1,9,5,3,0
"2624",2,171,"yes",1,10,5,3,0
"2625",2,171,"yes",1,11,5,3,1
"2626",2,172,"yes",1,1,6,3,0
"2627",2,172,"yes",1,2,6,3,0
"2628",2,172,"yes",1,3,6,3,0
"2629",2,172,"yes",1,4,6,3,1
"2630",2,173,"yes",1,1,7,1,0
"2631",2,173,"yes",1,2,4,0,0
"2632",2,173,"yes",1,3,4,0,0
"2633",2,173,"yes",1,4,1,-1,0
"2634",2,173,"yes",1,5,4,0,0
"2635",2,173,"yes",1,6,4,0,1
"2636",2,174,"yes",1,1,6,3,0
"2637",2,174,"yes",1,2,6,3,0
"2638",2,174,"yes",1,3,4,0,0
"2639",2,174,"yes",1,4,1,-3,0
"2640",2,174,"yes",1,5,7,3,0
"2641",2,174,"yes",1,6,6,3,0
"2642",2,174,"yes",1,7,1,-2,1
"2643",2,175,"yes",1,1,5,3,0
"2644",2,175,"yes",1,2,4,0,0
"2645",2,175,"yes",1,3,4,0,0
"2646",2,175,"yes",1,4,7,1,0
"2647",2,175,"yes",1,5,5,2,0
"2648",2,175,"yes",1,6,7,3,1
"2649",2,176,"yes",0,1,7,3,0
"2650",2,176,"yes",0,2,5,3,-1
"2651",2,177,"yes",0,1,6,3,0
"2652",2,177,"yes",0,2,1,-3,0
"2653",2,177,"yes",0,3,6,2,0
"2654",2,177,"yes",0,4,3,-1,-1
"2655",2,178,"yes",1,1,5,3,0
"2656",2,178,"yes",1,2,3,-3,0
"2657",2,178,"yes",1,3,4,0,0
"2658",2,178,"yes",1,4,4,0,0
"2659",2,178,"yes",1,5,4,0,0
"2660",2,178,"yes",1,6,7,3,1
"2661",2,179,"yes",1,1,7,3,0
"2662",2,179,"yes",1,2,7,3,0
"2663",2,179,"yes",1,3,5,2,1
"2664",2,180,"yes",1,1,5,2,0
"2665",2,180,"yes",1,2,6,1,0
"2666",2,180,"yes",1,3,4,0,0
"2667",2,180,"yes",1,4,4,0,0
"2668",2,180,"yes",1,5,6,1,0
"2669",2,180,"yes",1,6,6,3,0
"2670",2,180,"yes",1,7,6,1,0
"2671",2,180,"yes",1,8,6,3,1
"2672",2,181,"yes",1,1,5,3,0
"2673",2,181,"yes",1,2,6,3,0
"2674",2,181,"yes",1,3,6,3,0
"2675",2,181,"yes",1,4,3,-2,0
"2676",2,181,"yes",1,5,7,3,0
"2677",2,181,"yes",1,6,7,3,1
"2678",2,182,"yes",0,1,5,1,0
"2679",2,182,"yes",0,2,5,3,0
"2680",2,182,"yes",0,3,5,3,-1
"2681",2,183,"yes",1,1,5,3,0
"2682",2,183,"yes",1,2,5,2,0
"2683",2,183,"yes",1,3,5,2,0
"2684",2,183,"yes",1,4,6,1,1
"2685",2,184,"yes",1,1,5,3,0
"2686",2,184,"yes",1,2,1,-1,0
"2687",2,184,"yes",1,3,3,-2,0
"2688",2,184,"yes",1,4,4,0,0
"2689",2,184,"yes",1,5,6,2,0
"2690",2,184,"yes",1,6,4,0,1
"2691",2,185,"yes",0,1,7,1,0
"2692",2,185,"yes",0,2,1,-3,0
"2693",2,185,"yes",0,3,1,-3,0
"2694",2,185,"yes",0,4,1,-1,0
"2695",2,185,"yes",0,5,7,1,0
"2696",2,185,"yes",0,6,6,1,-1
"2697",2,186,"yes",1,1,5,2,0
"2698",2,186,"yes",1,2,7,1,0
"2699",2,186,"yes",1,3,7,1,0
"2700",2,186,"yes",1,4,6,3,0
"2701",2,186,"yes",1,5,6,2,1
"2702",2,187,"yes",0,1,6,1,0
"2703",2,187,"yes",0,2,3,-2,0
"2704",2,187,"yes",0,3,6,2,0
"2705",2,187,"yes",0,4,2,-3,-1
"2706",2,188,"yes",1,1,5,3,0
"2707",2,188,"yes",1,2,3,-2,0
"2708",2,188,"yes",1,3,3,-2,0
"2709",2,188,"yes",1,4,5,3,0
"2710",2,188,"yes",1,5,5,3,0
"2711",2,188,"yes",1,6,4,0,1
"2712",2,189,"yes",1,1,5,3,0
"2713",2,189,"yes",1,2,5,1,0
"2714",2,189,"yes",1,3,5,2,0
"2715",2,189,"yes",1,4,3,-3,0
"2716",2,189,"yes",1,5,6,3,1
"2717",2,190,"yes",1,1,5,3,0
"2718",2,190,"yes",1,2,5,3,0
"2719",2,190,"yes",1,3,6,3,0
"2720",2,190,"yes",1,4,2,-2,0
"2721",2,190,"yes",1,5,5,1,0
"2722",2,190,"yes",1,6,4,0,1
"2723",2,191,"yes",1,1,7,3,0
"2724",2,191,"yes",1,2,7,3,1
"2725",2,192,"yes",1,1,5,3,0
"2726",2,192,"yes",1,2,6,3,0
"2727",2,192,"yes",1,3,5,3,0
"2728",2,192,"yes",1,4,6,3,0
"2729",2,192,"yes",1,5,6,3,1
"2730",2,193,"yes",1,1,5,3,0
"2731",2,193,"yes",1,2,5,1,0
"2732",2,193,"yes",1,3,3,-3,0
"2733",2,193,"yes",1,4,2,-3,0
"2734",2,193,"yes",1,5,4,0,0
"2735",2,193,"yes",1,6,6,1,0
"2736",2,193,"yes",1,7,4,0,0
"2737",2,193,"yes",1,8,6,1,1
"2738",2,194,"yes",1,1,5,1,0
"2739",2,194,"yes",1,2,2,-1,0
"2740",2,194,"yes",1,3,4,0,0
"2741",2,194,"yes",1,4,4,0,0
"2742",2,194,"yes",1,5,5,2,0
"2743",2,194,"yes",1,6,4,0,0
"2744",2,194,"yes",1,7,4,0,0
"2745",2,194,"yes",1,8,4,0,1
"2746",2,195,"yes",1,1,5,3,0
"2747",2,195,"yes",1,2,5,1,0
"2748",2,195,"yes",1,3,5,3,0
"2749",2,195,"yes",1,4,5,2,0
"2750",2,195,"yes",1,5,5,3,1
"2751",2,196,"yes",1,1,5,3,0
"2752",2,196,"yes",1,2,5,3,0
"2753",2,196,"yes",1,3,5,3,0
"2754",2,196,"yes",1,4,5,3,0
"2755",2,196,"yes",1,5,5,3,1
"2756",2,197,"yes",0,1,5,2,0
"2757",2,197,"yes",0,2,2,-3,0
"2758",2,197,"yes",0,3,3,-3,0
"2759",2,197,"yes",0,4,5,1,0
"2760",2,197,"yes",0,5,3,-3,0
"2761",2,197,"yes",0,6,4,0,-1
"2762",2,198,"yes",0,1,6,2,0
"2763",2,198,"yes",0,2,3,-2,0
"2764",2,198,"yes",0,3,3,-2,0
"2765",2,198,"yes",0,4,3,-2,0
"2766",2,198,"yes",0,5,3,-2,-1
"2767",2,199,"yes",0,1,6,2,0
"2768",2,199,"yes",0,2,6,1,0
"2769",2,199,"yes",0,3,6,1,0
"2770",2,199,"yes",0,4,2,-3,0
"2771",2,199,"yes",0,5,2,-3,0
"2772",2,199,"yes",0,6,3,-2,0
"2773",2,199,"yes",0,7,4,0,0
"2774",2,199,"yes",0,8,3,-3,0
"2775",2,199,"yes",0,9,3,-3,0
"2776",2,199,"yes",0,10,1,-3,0
"2777",2,199,"yes",0,11,2,-3,0
"2778",2,199,"yes",0,12,1,-2,-1
"2779",2,200,"yes",1,1,5,3,0
"2780",2,200,"yes",1,2,7,3,1
"2781",2,201,"yes",1,1,6,2,0
"2782",2,201,"yes",1,2,6,2,0
"2783",2,201,"yes",1,3,6,2,0
"2784",2,201,"yes",1,4,1,-1,0
"2785",2,201,"yes",1,5,1,-1,1
"2786",2,202,"yes",1,1,5,3,0
"2787",2,202,"yes",1,2,3,-2,0
"2788",2,202,"yes",1,3,3,-1,0
"2789",2,202,"yes",1,4,5,2,0
"2790",2,202,"yes",1,5,3,-2,0
"2791",2,202,"yes",1,6,5,2,1
"2792",2,203,"yes",0,1,6,3,0
"2793",2,203,"yes",0,2,6,3,0
"2794",2,203,"yes",0,3,6,3,0
"2795",2,203,"yes",0,4,3,-1,0
"2796",2,203,"yes",0,5,1,-2,0
"2797",2,203,"yes",0,6,3,-3,0
"2798",2,203,"yes",0,7,2,-3,0
"2799",2,203,"yes",0,8,3,-3,0
"2800",2,203,"yes",0,9,3,-3,-1
"2801",2,204,"yes",0,1,5,2,0
"2802",2,204,"yes",0,2,6,2,0
"2803",2,204,"yes",0,3,7,1,0
"2804",2,204,"yes",0,4,3,-2,0
"2805",2,204,"yes",0,5,2,-3,-1
"2806",2,205,"yes",1,1,6,3,0
"2807",2,205,"yes",1,2,6,2,0
"2808",2,205,"yes",1,3,6,3,0
"2809",2,205,"yes",1,4,6,2,0
"2810",2,205,"yes",1,5,6,3,0
"2811",2,205,"yes",1,6,5,1,0
"2812",2,205,"yes",1,7,6,1,1
"2813",2,206,"yes",1,1,7,3,0
"2814",2,206,"yes",1,2,5,3,1
"2815",2,207,"yes",0,1,7,1,0
"2816",2,207,"yes",0,2,1,-2,0
"2817",2,207,"yes",0,3,3,-2,-1
"2818",2,208,"yes",1,1,5,3,0
"2819",2,208,"yes",1,2,5,3,0
"2820",2,208,"yes",1,3,5,3,0
"2821",2,208,"yes",1,4,6,3,0
"2822",2,208,"yes",1,5,3,-3,0
"2823",2,208,"yes",1,6,3,-3,0
"2824",2,208,"yes",1,7,3,-3,0
"2825",2,208,"yes",1,8,3,-2,0
"2826",2,208,"yes",1,9,5,1,0
"2827",2,208,"yes",1,10,5,1,0
"2828",2,208,"yes",1,11,3,-2,0
"2829",2,208,"yes",1,12,5,2,0
"2830",2,208,"yes",1,13,3,-2,0
"2831",2,208,"yes",1,14,5,1,1
"2832",2,209,"yes",1,1,7,3,0
"2833",2,209,"yes",1,2,1,-2,0
"2834",2,209,"yes",1,3,2,-2,0
"2835",2,209,"yes",1,4,6,3,0
"2836",2,209,"yes",1,5,3,-2,0
"2837",2,209,"yes",1,6,6,2,0
"2838",2,209,"yes",1,7,4,0,0
"2839",2,209,"yes",1,8,4,0,0
"2840",2,209,"yes",1,9,1,-1,0
"2841",2,209,"yes",1,10,5,3,1
"2842",2,210,"yes",1,1,5,3,0
"2843",2,210,"yes",1,2,2,-2,0
"2844",2,210,"yes",1,3,1,-2,0
"2845",2,210,"yes",1,4,7,2,0
"2846",2,210,"yes",1,5,1,-1,0
"2847",2,210,"yes",1,6,5,3,1
"2848",2,211,"yes",0,1,4,0,0
"2849",2,211,"yes",0,2,7,3,0
"2850",2,211,"yes",0,3,4,0,0
"2851",2,211,"yes",0,4,6,3,0
"2852",2,211,"yes",0,5,4,0,-1
"2853",2,212,"yes",1,1,6,3,0
"2854",2,212,"yes",1,2,5,3,0
"2855",2,212,"yes",1,3,5,3,0
"2856",2,212,"yes",1,4,3,-2,0
"2857",2,212,"yes",1,5,5,2,0
"2858",2,212,"yes",1,6,2,-1,0
"2859",2,212,"yes",1,7,6,3,0
"2860",2,212,"yes",1,8,6,2,0
"2861",2,212,"yes",1,9,6,1,1
"2862",2,213,"yes",0,1,5,3,0
"2863",2,213,"yes",0,2,3,-3,0
"2864",2,213,"yes",0,3,2,-2,0
"2865",2,213,"yes",0,4,3,-2,0
"2866",2,213,"yes",0,5,5,2,0
"2867",2,213,"yes",0,6,6,3,0
"2868",2,213,"yes",0,7,3,-3,0
"2869",2,213,"yes",0,8,3,-3,0
"2870",2,213,"yes",0,9,1,-2,-1
"2871",2,214,"yes",1,1,5,3,0
"2872",2,214,"yes",1,2,5,2,0
"2873",2,214,"yes",1,3,3,-2,0
"2874",2,214,"yes",1,4,3,-1,1
"2875",2,215,"yes",1,1,5,2,0
"2876",2,215,"yes",1,2,7,2,0
"2877",2,215,"yes",1,3,1,-2,0
"2878",2,215,"yes",1,4,6,2,0
"2879",2,215,"yes",1,5,1,-1,0
"2880",2,215,"yes",1,6,1,-2,0
"2881",2,215,"yes",1,7,1,-2,0
"2882",2,215,"yes",1,8,7,3,0
"2883",2,215,"yes",1,9,1,-1,0
"2884",2,215,"yes",1,10,1,-3,0
"2885",2,215,"yes",1,11,7,2,0
"2886",2,215,"yes",1,12,7,2,1
"2887",2,216,"yes",0,1,6,1,0
"2888",2,216,"yes",0,2,2,-3,0
"2889",2,216,"yes",0,3,3,-3,0
"2890",2,216,"yes",0,4,2,-3,0
"2891",2,216,"yes",0,5,2,-3,-1
"2892",2,217,"yes",1,1,6,3,0
"2893",2,217,"yes",1,2,5,2,0
"2894",2,217,"yes",1,3,7,2,0
"2895",2,217,"yes",1,4,7,3,0
"2896",2,217,"yes",1,5,7,3,0
"2897",2,217,"yes",1,6,7,3,1
"2898",2,218,"yes",1,1,5,3,0
"2899",2,218,"yes",1,2,3,-3,0
"2900",2,218,"yes",1,3,6,1,0
"2901",2,218,"yes",1,4,5,2,0
"2902",2,218,"yes",1,5,7,2,0
"2903",2,218,"yes",1,6,7,2,0
"2904",2,218,"yes",1,7,6,1,0
"2905",2,218,"yes",1,8,5,1,0
"2906",2,218,"yes",1,9,2,-2,0
"2907",2,218,"yes",1,10,5,2,0
"2908",2,218,"yes",1,11,6,1,0
"2909",2,218,"yes",1,12,5,2,1
"2910",2,219,"yes",0,1,5,3,0
"2911",2,219,"yes",0,2,5,3,0
"2912",2,219,"yes",0,3,3,-3,0
"2913",2,219,"yes",0,4,3,-3,0
"2914",2,219,"yes",0,5,2,-3,0
"2915",2,219,"yes",0,6,2,-3,0
"2916",2,219,"yes",0,7,2,-3,-1
"2917",2,220,"yes",0,1,7,2,0
"2918",2,220,"yes",0,2,6,1,0
"2919",2,220,"yes",0,3,6,1,0
"2920",2,220,"yes",0,4,1,-3,0
"2921",2,220,"yes",0,5,1,-3,0
"2922",2,220,"yes",0,6,1,-3,-1
"2923",2,221,"yes",1,1,7,1,0
"2924",2,221,"yes",1,2,1,-2,0
"2925",2,221,"yes",1,3,1,-2,0
"2926",2,221,"yes",1,4,2,-3,1
